!,2635,2635,1195,記号,句点,*,*,*,*,NULL,!,NULL
?,2635,2635,1630,記号,句点,*,*,*,*,NULL,?,NULL
←,2634,2634,3544,記号,一般,*,*,*,*,NULL,←,NULL
↑,2634,2634,3958,記号,一般,*,*,*,*,NULL,↑,NULL
→,2634,2634,3236,記号,一般,*,*,*,*,NULL,→,NULL
↓,2634,2634,3026,記号,一般,*,*,*,*,NULL,↓,NULL
─,2634,2634,4352,記号,一般,*,*,*,*,NULL,─,NULL
、,2638,2638,1554,記号,読点,*,*,*,*,NULL,、,NULL
。,2635,2635,432,記号,句点,*,*,*,*,NULL,。,NULL
ぁ,418,418,3516,助詞,終助詞,*,*,*,*,NULL,ぁ,NULL
あ,1538,1538,1109,動詞,非自立,*,*,五段・ラ行,体言接続特殊２,NULL,あ,NULL
ぃ,418,418,3243,助詞,終助詞,*,*,*,*,NULL,ぃ,NULL
い,1202,1202,3485,動詞,非自立,*,*,一段,連用形,NULL,い,NULL
ぅ,418,418,3616,助詞,終助詞,*,*,*,*,NULL,ぅ,NULL
う,35,35,1052,助動詞,*,*,*,不変化型,基本形,NULL,う,NULL
ぇ,418,418,3369,助詞,終助詞,*,*,*,*,NULL,ぇ,NULL
ぉ,418,418,3670,助詞,終助詞,*,*,*,*,NULL,ぉ,NULL
お,418,418,3228,助詞,終助詞,*,*,*,*,NULL,お,NULL
か,325,325,1194,助詞,副助詞／並立助詞／終助詞,*,*,*,*,NULL,か,NULL
が,332,332,2550,助詞,接続助詞,*,*,*,*,NULL,が,NULL
が,369,369,1670,助詞,格助詞,一般,*,*,*,NULL,が,NULL
き,98,98,1093,助動詞,*,*,*,文語・キ,基本形,NULL,き,NULL
く,1367,1367,1431,動詞,非自立,*,*,五段・カ行促音便,基本形,NULL,く,NULL
く,856,856,788,動詞,非自立,*,*,カ変・クル,体言接続特殊２,NULL,く,NULL
け,409,409,1256,助詞,終助詞,*,*,*,*,NULL,け,NULL
こ,861,861,1478,動詞,非自立,*,*,カ変・クル,未然形,NULL,こ,NULL
さ,410,410,766,助詞,終助詞,*,*,*,*,NULL,さ,NULL
し,96,96,1467,助動詞,*,*,*,文語・キ,体言接続,NULL,し,NULL
し,339,339,1492,助詞,接続助詞,*,*,*,*,NULL,し,NULL
し,634,634,2721,動詞,自立,*,*,サ変・スル,連用形,NULL,し,NULL
じ,36,36,1495,助動詞,*,*,*,不変化型,基本形,NULL,じ,NULL
す,574,574,990,動詞,自立,*,*,*,文語基本形,NULL,す,NULL
す,509,509,697,動詞,接尾,*,*,五段・サ行,基本形,NULL,す,NULL
ず,219,219,1354,助動詞,*,*,*,特殊・ヌ,連用ニ接続,NULL,ず,NULL
せ,480,480,2368,動詞,接尾,*,*,一段,連用形,NULL,せ,NULL
せ,631,631,2094,動詞,自立,*,*,サ変・スル,未然ヌ接続,NULL,せ,NULL
ぜ,411,411,1040,助詞,終助詞,*,*,*,*,NULL,ぜ,NULL
ぞ,281,281,1568,助詞,係助詞,*,*,*,*,NULL,ぞ,NULL
ぞ,412,412,637,助詞,終助詞,*,*,*,*,NULL,ぞ,NULL
た,142,142,1572,助動詞,*,*,*,特殊・タ,基本形,NULL,た,NULL
だ,143,143,1166,助動詞,*,*,*,特殊・タ,基本形,NULL,だ,NULL
だ,165,165,835,助動詞,*,*,*,特殊・ダ,基本形,NULL,だ,NULL
っ,39,39,1103,助動詞,*,*,*,不変化型,基本形,NULL,っ,NULL
っ,418,418,2464,助詞,終助詞,*,*,*,*,NULL,っ,NULL
っ,418,418,3379,助詞,終助詞,*,*,*,*,NULL,ッ,NULL
つ,32,32,1125,助動詞,*,*,*,下二・タ行,基本形,NULL,つ,NULL
て,348,348,2107,助詞,接続助詞,*,*,*,*,NULL,て,NULL
で,416,416,816,助詞,終助詞,*,*,*,*,NULL,で,NULL
で,168,168,1779,助動詞,*,*,*,特殊・ダ,連用形,NULL,で,NULL
で,349,349,2033,助詞,接続助詞,*,*,*,*,NULL,で,NULL
で,370,370,1908,助詞,格助詞,一般,*,*,*,NULL,で,NULL
で,381,381,1152,助詞,格助詞,一般,*,*,*,NULL,デ,NULL
と,387,387,2141,助詞,格助詞,引用,*,*,*,NULL,と,NULL
と,1543,1543,648,動詞,非自立,*,*,五段・ラ行,体言接続特殊２,NULL,と,NULL
と,271,271,1832,助詞,並立助詞,*,*,*,*,NULL,と,NULL
と,326,326,1780,助詞,副詞化,*,*,*,*,NULL,と,NULL
と,350,350,1647,助詞,接続助詞,*,*,*,*,NULL,と,NULL
と,371,371,1675,助詞,格助詞,一般,*,*,*,NULL,と,NULL
ど,352,352,1105,助詞,接続助詞,*,*,*,*,NULL,ど,NULL
な,71,71,294,助動詞,*,*,*,形容詞・イ段,ガル接続,NULL,無,NULL
な,417,417,965,助詞,終助詞,*,*,*,*,NULL,な,NULL
な,163,163,2449,助動詞,*,*,*,特殊・ダ,体言接続,NULL,な,NULL
な,197,197,1854,助動詞,*,*,*,特殊・ナイ,ガル接続,NULL,な,NULL
に,327,327,1804,助詞,副詞化,*,*,*,*,NULL,に,NULL
に,367,367,1567,助詞,接続助詞,一般,*,*,*,NULL,に,NULL
に,372,372,1672,助詞,格助詞,一般,*,*,*,NULL,に,NULL
ぬ,40,40,922,助動詞,*,*,*,不変化型,基本形,NULL,ぬ,NULL
ぬ,217,217,1550,助動詞,*,*,*,特殊・ヌ,基本形,NULL,ぬ,NULL
ね,418,418,1098,助詞,終助詞,*,*,*,*,NULL,ね,NULL
ね,215,215,2017,助動詞,*,*,*,特殊・ヌ,仮定形,NULL,ね,NULL
の,419,419,681,助詞,終助詞,*,*,*,*,NULL,の,NULL
の,429,429,2677,助詞,連体化,*,*,*,*,NULL,の,NULL
の,2634,2634,3674,記号,一般,*,*,*,*,NULL,ノ,NULL
の,374,374,3467,助詞,格助詞,一般,*,*,*,NULL,の,NULL
の,382,382,961,助詞,格助詞,一般,*,*,*,NULL,ノ,NULL
は,283,283,1817,助詞,係助詞,*,*,*,*,NULL,は,NULL
ば,361,361,1798,助詞,接続助詞,*,*,*,*,NULL,ば,NULL
へ,375,375,646,助詞,格助詞,一般,*,*,*,NULL,へ,NULL
へ,383,383,1094,助詞,格助詞,一般,*,*,*,NULL,ヘ,NULL
べ,421,421,1545,助詞,終助詞,*,*,*,*,NULL,べ,NULL
ぽ,2192,2192,1519,形容詞,接尾,*,*,形容詞・アウオ段,ガル接続,NULL,ぽ,NULL
も,284,284,1869,助詞,係助詞,*,*,*,*,NULL,も,NULL
や,265,265,524,助動詞,*,*,*,特殊・ヤ,基本形,NULL,や,NULL
や,274,274,2519,助詞,並立助詞,*,*,*,*,NULL,や,NULL
や,423,423,717,助詞,終助詞,*,*,*,*,NULL,や,NULL
や,363,363,1716,助詞,接続助詞,*,*,*,*,NULL,や,NULL
ょ,418,418,3577,助詞,終助詞,*,*,*,*,NULL,ょ,NULL
よ,425,425,1349,助詞,終助詞,*,*,*,*,NULL,よ,NULL
り,129,129,1269,助動詞,*,*,*,文語・リ,基本形,NULL,り,NULL
る,128,128,1429,助動詞,*,*,*,文語・リ,体言接続,NULL,る,NULL
る,134,134,796,助動詞,*,*,*,文語・ル,基本形,NULL,る,NULL
る,1101,1101,1347,動詞,非自立,*,*,一段,基本形,NULL,る,NULL
れ,135,135,1261,助動詞,*,*,*,文語・ル,未然形,NULL,れ,NULL
れ,482,482,2746,動詞,接尾,*,*,一段,連用形,NULL,れ,NULL
わ,426,426,968,助詞,終助詞,*,*,*,*,NULL,わ,NULL
を,379,379,1943,助詞,格助詞,一般,*,*,*,NULL,を,NULL
ん,45,45,1893,助動詞,*,*,*,不変化型,基本形,NULL,ん,NULL
ん,428,428,581,助詞,終助詞,*,*,*,*,NULL,ん,NULL
ん,380,380,1373,助詞,格助詞,一般,*,*,*,NULL,ん,NULL
ー,46,46,1311,助動詞,*,*,*,不変化型,基本形,NULL,ー,NULL
～,2634,2634,2227,記号,一般,*,*,*,*,NULL,～,NULL
～,2635,2635,2938,記号,句点,*,*,*,*,NULL,～,NULL
あい,1821,1821,1320,動詞,非自立,*,*,五段・ワ行促音便,連用形,NULL,あい,NULL
あう,1775,1775,1386,動詞,非自立,*,*,五段・ワ行促音便,基本形,NULL,あう,NULL
あり,57,57,2393,助動詞,*,*,*,五段・ラ行アル,連用形,NULL,あり,NULL
あり,1675,1675,2121,動詞,非自立,*,*,五段・ラ行,連用形,NULL,あり,NULL
あれ,52,52,907,助動詞,*,*,*,五段・ラ行アル,命令ｅ,NULL,あれ,NULL
あれ,1555,1555,242,動詞,非自立,*,*,五段・ラ行,命令ｅ,NULL,あれ,NULL
いろ,998,998,1041,動詞,非自立,*,*,一段,命令ｒｏ,NULL,いろ,NULL
うか,35,325,2920,助動詞,*,*,*,不変化型,基本形,NULL,うか,NULL
うが,35,332,4074,助動詞,*,*,*,不変化型,基本形,NULL,うが,NULL
うぜ,35,411,3128,助動詞,*,*,*,不変化型,基本形,NULL,うぜ,NULL
うだ,35,165,4450,助動詞,*,*,*,不変化型,基本形,NULL,うだ,NULL
うっ,35,418,4495,助動詞,*,*,*,不変化型,基本形,NULL,うっ,NULL
うで,35,416,4250,助動詞,*,*,*,不変化型,基本形,NULL,うで,NULL
うと,35,389,2089,助動詞,*,*,*,不変化型,基本形,NULL,うと,NULL
うな,35,417,3447,助動詞,*,*,*,不変化型,基本形,NULL,うな,NULL
うね,35,418,3063,助動詞,*,*,*,不変化型,基本形,NULL,うね,NULL
うや,35,423,4300,助動詞,*,*,*,不変化型,基本形,NULL,うや,NULL
うよ,35,425,3144,助動詞,*,*,*,不変化型,基本形,NULL,うよ,NULL
うる,1252,1252,1133,動詞,非自立,*,*,一段・得ル,基本形,NULL,うる,NULL
える,1081,1081,1132,動詞,非自立,*,*,一段,基本形,NULL,える,NULL
える,1107,1107,1034,動詞,非自立,*,*,一段,基本形,NULL,得る,NULL
えん,958,958,857,動詞,非自立,*,*,一段,体言接続特殊,NULL,えん,NULL
かぁ,405,405,615,助詞,終助詞,*,*,*,*,NULL,かぁ,NULL
かい,406,406,568,助詞,終助詞,*,*,*,*,NULL,かい,NULL
かが,325,369,4318,助詞,副助詞／並立助詞／終助詞,*,*,*,*,NULL,かが,NULL
かけ,325,409,4115,助詞,副助詞／並立助詞／終助詞,*,*,*,*,NULL,かけ,NULL
かっ,325,418,4075,助詞,副助詞／並立助詞／終助詞,*,*,*,*,NULL,かっ,NULL
かで,325,370,4283,助詞,副助詞／並立助詞／終助詞,*,*,*,*,NULL,かで,NULL
かと,325,387,2838,助詞,副助詞／並立助詞／終助詞,*,*,*,*,NULL,かと,NULL
かな,408,408,438,助詞,終助詞,*,*,*,*,NULL,かな,NULL
かに,325,372,4327,助詞,副助詞／並立助詞／終助詞,*,*,*,*,NULL,かに,NULL
かね,418,418,3258,助詞,終助詞,*,*,*,*,NULL,かね,NULL
かの,325,429,4345,助詞,副助詞／並立助詞／終助詞,*,*,*,*,NULL,かの,NULL
かは,325,283,3923,助詞,副助詞／並立助詞／終助詞,*,*,*,*,NULL,かは,NULL
かも,288,288,990,助詞,副助詞,*,*,*,*,NULL,かも,NULL
かよ,325,425,3170,助詞,副助詞／並立助詞／終助詞,*,*,*,*,NULL,かよ,NULL
から,330,330,1866,助詞,接続助詞,*,*,*,*,NULL,から,NULL
から,368,368,1649,助詞,格助詞,一般,*,*,*,NULL,から,NULL
かわ,325,426,3951,助詞,副助詞／並立助詞／終助詞,*,*,*,*,NULL,かわ,NULL
かを,325,379,4028,助詞,副助詞／並立助詞／終助詞,*,*,*,*,NULL,かを,NULL
がっ,567,567,2231,動詞,接尾,*,*,五段・ラ行,連用タ接続,NULL,がっ,NULL
がな,369,417,3996,助詞,格助詞,一般,*,*,*,NULL,がな,NULL
がね,369,418,4742,助詞,格助詞,一般,*,*,*,NULL,がね,NULL
がり,570,570,2032,動詞,接尾,*,*,五段・ラ行,連用形,NULL,がり,NULL
がる,555,555,1623,動詞,接尾,*,*,五段・ラ行,基本形,NULL,がる,NULL
きぃ,98,418,2896,助動詞,*,*,*,文語・キ,基本形,NULL,きぃ,NULL
きや,98,423,2116,助動詞,*,*,*,文語・キ,基本形,NULL,きや,NULL
きや,98,363,2120,助動詞,*,*,*,文語・キ,基本形,NULL,きや,NULL
きり,1691,1691,1217,動詞,非自立,*,*,五段・ラ行,連用形,NULL,切り,NULL
くん,1248,1248,733,動詞,非自立,*,*,一段・クレル,未然特殊,NULL,くん,NULL
けど,334,334,1724,助詞,接続助詞,*,*,*,*,NULL,けど,NULL
けり,100,100,807,助動詞,*,*,*,文語・ケリ,基本形,NULL,けり,NULL
ける,99,99,1126,助動詞,*,*,*,文語・ケリ,体言接続,NULL,ける,NULL
こそ,277,277,2021,助詞,係助詞,*,*,*,*,NULL,こそ,NULL
こみ,1475,1475,1018,動詞,非自立,*,*,五段・マ行,連用形,NULL,こみ,NULL
こむ,1467,1467,1000,動詞,非自立,*,*,五段・マ行,基本形,NULL,こむ,NULL
こむ,1468,1468,551,動詞,非自立,*,*,五段・マ行,基本形,NULL,込む,NULL
さえ,278,278,1884,助詞,係助詞,*,*,*,*,NULL,さえ,NULL
され,632,482,2858,動詞,自立,*,*,サ変・スル,未然レル接続,NULL,され,NULL
ざる,216,216,2163,助動詞,*,*,*,特殊・ヌ,体言接続,NULL,ざる,NULL
しか,279,279,2060,助詞,係助詞,*,*,*,*,NULL,しか,NULL
した,634,142,1994,動詞,自立,*,*,サ変・スル,連用形,NULL,した,NULL
しっ,633,39,3645,動詞,自立,*,*,サ変・スル,未然形,NULL,しっ,NULL
して,533,348,1975,動詞,接尾,*,*,五段・サ行,連用形,NULL,して,NULL
して,634,348,2419,動詞,自立,*,*,サ変・スル,連用形,NULL,して,NULL
しな,339,417,3206,助詞,接続助詞,*,*,*,*,NULL,しな,NULL
しね,339,418,2789,助詞,接続助詞,*,*,*,*,NULL,しね,NULL
しゃ,493,493,935,動詞,接尾,*,*,五段・サ行,仮定縮約１,NULL,しゃ,NULL
しよ,630,630,2522,動詞,自立,*,*,サ変・スル,未然ウ接続,NULL,しよ,NULL
しろ,627,627,763,動詞,自立,*,*,サ変・スル,命令ｒｏ,NULL,しろ,NULL
じゃ,137,137,745,助動詞,*,*,*,特殊・ジャ,基本形,NULL,じゃ,NULL
じゃ,292,292,2061,助詞,副助詞,*,*,*,*,NULL,じゃ,NULL
じゃ,340,340,1380,助詞,接続助詞,*,*,*,*,NULL,じゃ,NULL
じょ,36,418,2485,助動詞,*,*,*,不変化型,基本形,NULL,じょ,NULL
すぎ,1208,1208,1571,動詞,非自立,*,*,一段,連用形,NULL,すぎ,NULL
すぎ,1238,1238,1426,動詞,非自立,*,*,一段,連用形,NULL,過ぎ,NULL
すた,574,142,2671,動詞,自立,*,*,*,文語基本形,NULL,すた,NULL
すと,574,350,2958,動詞,自立,*,*,*,文語基本形,NULL,すと,NULL
すな,574,417,3054,動詞,自立,*,*,*,文語基本形,NULL,すな,NULL
すよ,574,425,2546,動詞,自立,*,*,*,文語基本形,NULL,すよ,NULL
すら,280,280,1559,助詞,係助詞,*,*,*,*,NULL,すら,NULL
する,629,629,658,動詞,自立,*,*,サ変・スル,基本形,NULL,する,NULL
ずつ,295,295,1704,助詞,副助詞,*,*,*,*,NULL,ずつ,NULL
ずに,219,372,2271,助動詞,*,*,*,特殊・ヌ,連用ニ接続,NULL,ずに,NULL
せい,626,626,883,動詞,自立,*,*,サ変・スル,命令ｉ,NULL,せい,NULL
せう,631,35,3303,動詞,自立,*,*,サ変・スル,未然ヌ接続,NULL,せう,NULL
せず,631,219,1516,動詞,自立,*,*,サ変・スル,未然ヌ接続,NULL,せず,NULL
せた,480,142,2682,動詞,接尾,*,*,一段,連用形,NULL,せた,NULL
せて,480,348,2765,動詞,接尾,*,*,一段,連用形,NULL,せて,NULL
せよ,628,628,496,動詞,自立,*,*,サ変・スル,命令ｙｏ,NULL,せよ,NULL
せる,462,462,1633,動詞,接尾,*,*,一段,基本形,NULL,せる,NULL
せろ,450,450,679,動詞,接尾,*,*,一段,命令ｒｏ,NULL,せろ,NULL
せん,631,45,2002,動詞,自立,*,*,サ変・スル,未然ヌ接続,NULL,せん,NULL
ぜっ,411,418,2516,助詞,終助詞,*,*,*,*,NULL,ぜっ,NULL
ぜよ,411,425,2516,助詞,終助詞,*,*,*,*,NULL,ぜよ,NULL
ぞぉ,412,418,2693,助詞,終助詞,*,*,*,*,NULL,ぞぉ,NULL
ぞっ,412,418,2829,助詞,終助詞,*,*,*,*,NULL,ぞっ,NULL
たぁ,142,418,4462,助動詞,*,*,*,特殊・タ,基本形,NULL,たぁ,NULL
たい,152,152,978,助動詞,*,*,*,特殊・タイ,基本形,NULL,たい,NULL
たか,142,325,3865,助動詞,*,*,*,特殊・タ,基本形,NULL,たか,NULL
たが,142,332,4077,助動詞,*,*,*,特殊・タ,基本形,NULL,たが,NULL
たく,160,160,2562,助動詞,*,*,*,特殊・タイ,連用テ接続,NULL,たく,NULL
たし,142,339,4000,助動詞,*,*,*,特殊・タ,基本形,NULL,たし,NULL
たぞ,142,412,4322,助動詞,*,*,*,特殊・タ,基本形,NULL,たぞ,NULL
たと,142,387,3898,助動詞,*,*,*,特殊・タ,基本形,NULL,たと,NULL
たな,142,417,3689,助動詞,*,*,*,特殊・タ,基本形,NULL,たな,NULL
たね,142,418,3831,助動詞,*,*,*,特殊・タ,基本形,NULL,たね,NULL
たの,142,419,3760,助動詞,*,*,*,特殊・タ,基本形,NULL,たの,NULL
たよ,142,425,3347,助動詞,*,*,*,特殊・タ,基本形,NULL,たよ,NULL
たら,140,140,1634,助動詞,*,*,*,特殊・タ,仮定形,NULL,たら,NULL
たり,114,114,1631,助動詞,*,*,*,文語・ナリ,基本形,NULL,たり,NULL
たり,268,268,1146,助詞,並立助詞,*,*,*,*,NULL,たり,NULL
たる,109,109,1586,助動詞,*,*,*,文語・ナリ,体言接続,NULL,たる,NULL
たれ,112,112,607,助動詞,*,*,*,文語・ナリ,命令ｅ,NULL,たれ,NULL
たろ,144,144,1192,助動詞,*,*,*,特殊・タ,未然形,NULL,たろ,NULL
たわ,142,426,3884,助動詞,*,*,*,特殊・タ,基本形,NULL,たわ,NULL
だぁ,165,418,3299,助動詞,*,*,*,特殊・ダ,基本形,NULL,だぁ,NULL
だい,418,418,3888,助詞,終助詞,*,*,*,*,NULL,だい,NULL
だか,143,325,3386,助動詞,*,*,*,特殊・タ,基本形,NULL,だか,NULL
だが,165,332,2189,助動詞,*,*,*,特殊・ダ,基本形,NULL,だが,NULL
だけ,296,296,1633,助詞,副助詞,*,*,*,*,NULL,だけ,NULL
だし,165,339,2455,助動詞,*,*,*,特殊・ダ,基本形,NULL,だし,NULL
だし,1454,1454,1526,動詞,非自立,*,*,五段・サ行,連用形,NULL,だし,NULL
だし,1457,1457,1451,動詞,非自立,*,*,五段・サ行,連用形,NULL,出し,NULL
だす,1430,1430,873,動詞,非自立,*,*,五段・サ行,基本形,NULL,だす,NULL
だす,1433,1433,791,動詞,非自立,*,*,五段・サ行,基本形,NULL,出す,NULL
だぜ,165,411,3027,助動詞,*,*,*,特殊・ダ,基本形,NULL,だぜ,NULL
だぞ,165,412,2943,助動詞,*,*,*,特殊・ダ,基本形,NULL,だぞ,NULL
だと,143,387,3456,助動詞,*,*,*,特殊・タ,基本形,NULL,だと,NULL
だと,165,387,2925,助動詞,*,*,*,特殊・ダ,基本形,NULL,だと,NULL
だと,165,350,2785,助動詞,*,*,*,特殊・ダ,基本形,NULL,だと,NULL
だな,143,417,3567,助動詞,*,*,*,特殊・タ,基本形,NULL,だな,NULL
だな,165,417,2066,助動詞,*,*,*,特殊・ダ,基本形,NULL,だな,NULL
だに,298,298,1299,助詞,副助詞,*,*,*,*,NULL,だに,NULL
だね,165,418,2181,助動詞,*,*,*,特殊・ダ,基本形,NULL,だね,NULL
だの,143,419,3378,助動詞,*,*,*,特殊・タ,基本形,NULL,だの,NULL
だよ,143,425,2679,助動詞,*,*,*,特殊・タ,基本形,NULL,だよ,NULL
だよ,165,425,1797,助動詞,*,*,*,特殊・ダ,基本形,NULL,だよ,NULL
だら,141,141,1317,助動詞,*,*,*,特殊・タ,仮定形,NULL,だら,NULL
だり,270,270,926,助詞,並立助詞,*,*,*,*,NULL,だり,NULL
だろ,145,145,789,助動詞,*,*,*,特殊・タ,未然形,NULL,だろ,NULL
だろ,166,166,1249,助動詞,*,*,*,特殊・ダ,未然形,NULL,だろ,NULL
だわ,165,426,2707,助動詞,*,*,*,特殊・ダ,基本形,NULL,だわ,NULL
ちゃ,344,344,1953,助詞,接続助詞,*,*,*,*,NULL,ちゃ,NULL
っか,39,325,2839,助動詞,*,*,*,不変化型,基本形,NULL,っか,NULL
っき,39,98,3022,助動詞,*,*,*,不変化型,基本形,NULL,っき,NULL
っけ,414,414,1698,助詞,終助詞,*,*,*,*,NULL,っけ,NULL
っす,169,169,541,助動詞,*,*,*,特殊・デス,基本形,NULL,っす,NULL
っす,177,177,479,助動詞,*,*,*,特殊・デス,基本形,NULL,ッス,NULL
った,39,142,2431,助動詞,*,*,*,不変化型,基本形,NULL,った,NULL
っっ,39,418,2226,助動詞,*,*,*,不変化型,基本形,NULL,っっ,NULL
って,39,348,3227,助動詞,*,*,*,不変化型,基本形,NULL,って,NULL
って,391,391,1577,助詞,格助詞,連語,*,*,*,NULL,って,NULL
っと,39,387,2436,助動詞,*,*,*,不変化型,基本形,NULL,っと,NULL
っと,39,350,2935,助動詞,*,*,*,不変化型,基本形,NULL,っと,NULL
っと,386,386,1256,助詞,格助詞,引用,*,*,*,NULL,っと,NULL
っぽ,2191,2191,662,形容詞,接尾,*,*,形容詞・アウオ段,ガル接続,NULL,っぽ,NULL
つつ,347,347,1497,助詞,接続助詞,*,*,*,*,NULL,つつ,NULL
つん,32,428,3013,助動詞,*,*,*,下二・タ行,基本形,NULL,つん,NULL
づけ,1214,1214,967,動詞,非自立,*,*,一段,連用形,NULL,づけ,NULL
てぇ,161,161,930,助動詞,*,*,*,特殊・タイ,音便基本形,NULL,てぇ,NULL
てた,1215,142,1350,動詞,非自立,*,*,一段,連用形,NULL,てた,NULL
てて,1215,348,2266,動詞,非自立,*,*,一段,連用形,NULL,てて,NULL
ても,348,284,3603,助詞,接続助詞,*,*,*,*,NULL,ても,NULL
てる,1093,1093,1275,動詞,非自立,*,*,一段,基本形,NULL,てる,NULL
てろ,1011,1011,790,動詞,非自立,*,*,一段,命令ｒｏ,NULL,てろ,NULL
てん,415,415,590,助詞,終助詞,*,*,*,*,NULL,てん,NULL
でき,700,700,2683,動詞,自立,*,*,一段,連用形,NULL,でき,NULL
でし,192,192,2761,助動詞,*,*,*,特殊・デス,連用形,NULL,でし,NULL
です,172,172,333,助動詞,*,*,*,特殊・デス,基本形,NULL,です,NULL
です,178,178,317,助動詞,*,*,*,特殊・デス,基本形,NULL,デス,NULL
でた,349,142,3331,助詞,接続助詞,*,*,*,*,NULL,でた,NULL
でね,168,418,3594,助動詞,*,*,*,特殊・ダ,連用形,NULL,でね,NULL
でね,349,418,3146,助詞,接続助詞,*,*,*,*,NULL,でね,NULL
での,370,429,4076,助詞,格助詞,一般,*,*,*,NULL,での,NULL
では,168,283,2288,助動詞,*,*,*,特殊・ダ,連用形,NULL,では,NULL
では,370,283,2996,助詞,格助詞,一般,*,*,*,NULL,では,NULL
でも,168,284,3607,助動詞,*,*,*,特殊・ダ,連用形,NULL,でも,NULL
でも,299,299,2115,助詞,副助詞,*,*,*,*,NULL,でも,NULL
でも,370,284,3299,助詞,格助詞,一般,*,*,*,NULL,でも,NULL
でる,1095,1095,1177,動詞,非自立,*,*,一段,基本形,NULL,でる,NULL
とう,158,158,832,助動詞,*,*,*,特殊・タイ,連用ゴザイ接続,NULL,とう,NULL
とか,387,325,3025,助詞,格助詞,引用,*,*,*,NULL,とか,NULL
とか,272,272,1457,助詞,並立助詞,*,*,*,*,NULL,とか,NULL
とく,1292,1292,948,動詞,非自立,*,*,五段・カ行イ音便,基本形,NULL,とく,NULL
とけ,1280,1280,667,動詞,非自立,*,*,五段・カ行イ音便,命令ｅ,NULL,とけ,NULL
とて,387,348,4539,助詞,格助詞,引用,*,*,*,NULL,とて,NULL
とで,371,370,4681,助詞,格助詞,一般,*,*,*,NULL,とで,NULL
とな,387,417,4344,助詞,格助詞,引用,*,*,*,NULL,とな,NULL
とな,326,417,3489,助詞,副詞化,*,*,*,*,NULL,とな,NULL
とね,387,418,4757,助詞,格助詞,引用,*,*,*,NULL,とね,NULL
とね,326,418,3715,助詞,副詞化,*,*,*,*,NULL,とね,NULL
との,387,429,4866,助詞,格助詞,引用,*,*,*,NULL,との,NULL
との,371,429,3847,助詞,格助詞,一般,*,*,*,NULL,との,NULL
とは,387,283,2432,助詞,格助詞,引用,*,*,*,NULL,とは,NULL
とは,371,283,1960,助詞,格助詞,一般,*,*,*,NULL,とは,NULL
とも,387,284,4077,助詞,格助詞,引用,*,*,*,NULL,とも,NULL
とも,351,351,1793,助詞,接続助詞,*,*,*,*,NULL,とも,NULL
とも,371,284,4584,助詞,格助詞,一般,*,*,*,NULL,とも,NULL
とや,387,423,5553,助詞,格助詞,引用,*,*,*,NULL,とや,NULL
とり,1681,1681,1479,動詞,非自立,*,*,五段・ラ行,連用形,NULL,とり,NULL
とん,387,428,5086,助詞,格助詞,引用,*,*,*,NULL,とん,NULL
とん,1641,1641,333,動詞,非自立,*,*,五段・ラ行,未然特殊,NULL,とん,NULL
とん,1524,1524,1073,動詞,非自立,*,*,五段・ラ行,体言接続特殊,NULL,とん,NULL
どき,1341,1341,858,動詞,非自立,*,*,五段・カ行イ音便,連用形,NULL,どき,NULL
どす,176,176,588,助動詞,*,*,*,特殊・デス,基本形,NULL,どす,NULL
ども,354,354,1366,助詞,接続助詞,*,*,*,*,NULL,ども,NULL
どり,1682,1682,1137,動詞,非自立,*,*,五段・ラ行,連用形,NULL,どり,NULL
どる,1582,1582,1056,動詞,非自立,*,*,五段・ラ行,基本形,NULL,どる,NULL
なぁ,418,418,2581,助詞,終助詞,*,*,*,*,NULL,なぁ,NULL
なあ,418,418,3052,助詞,終助詞,*,*,*,*,NULL,なあ,NULL
ない,83,83,1161,助動詞,*,*,*,形容詞・イ段,基本形,NULL,無い,NULL
ない,204,204,1253,助動詞,*,*,*,特殊・ナイ,基本形,NULL,ない,NULL
なう,418,418,3420,助詞,終助詞,*,*,*,*,NULL,なう,NULL
なが,163,332,4799,助動詞,*,*,*,特殊・ダ,体言接続,NULL,なが,NULL
なく,95,95,1206,助動詞,*,*,*,形容詞・イ段,連用テ接続,NULL,無く,NULL
なく,212,212,2447,助動詞,*,*,*,特殊・ナイ,連用テ接続,NULL,なく,NULL
なし,207,207,436,助動詞,*,*,*,特殊・ナイ,文語基本形,NULL,なし,NULL
なっ,417,418,4015,助詞,終助詞,*,*,*,*,NULL,なっ,NULL
なと,417,387,3159,助詞,終助詞,*,*,*,*,NULL,なと,NULL
など,302,302,1453,助詞,副助詞,*,*,*,*,NULL,など,NULL
なな,163,417,5030,助動詞,*,*,*,特殊・ダ,体言接続,NULL,なな,NULL
なね,163,418,5037,助動詞,*,*,*,特殊・ダ,体言接続,NULL,なね,NULL
なの,163,419,2755,助動詞,*,*,*,特殊・ダ,体言接続,NULL,なの,NULL
なも,163,284,4624,助動詞,*,*,*,特殊・ダ,体言接続,NULL,なも,NULL
なよ,417,425,2567,助詞,終助詞,*,*,*,*,NULL,なよ,NULL
なよ,163,425,5063,助動詞,*,*,*,特殊・ダ,体言接続,NULL,なよ,NULL
なら,162,162,1543,助動詞,*,*,*,特殊・ダ,仮定形,NULL,なら,NULL
なり,115,115,1413,助動詞,*,*,*,文語・ナリ,基本形,NULL,也,NULL
なり,115,115,496,助動詞,*,*,*,文語・ナリ,基本形,NULL,なり,NULL
なり,303,303,2144,助詞,副助詞,*,*,*,*,NULL,なり,NULL
なり,356,356,1222,助詞,接続助詞,*,*,*,*,NULL,なり,NULL
なる,110,110,2683,助動詞,*,*,*,文語・ナリ,体言接続,NULL,なる,NULL
にぃ,372,418,5756,助詞,格助詞,一般,*,*,*,NULL,にぃ,NULL
にお,372,418,5445,助詞,格助詞,一般,*,*,*,NULL,にお,NULL
にか,372,325,5890,助詞,格助詞,一般,*,*,*,NULL,にか,NULL
にく,2472,2472,1206,形容詞,非自立,*,*,形容詞・アウオ段,ガル接続,NULL,にく,NULL
にっ,372,418,5465,助詞,格助詞,一般,*,*,*,NULL,にっ,NULL
につ,372,32,5214,助詞,格助詞,一般,*,*,*,NULL,につ,NULL
にて,373,373,1289,助詞,格助詞,一般,*,*,*,NULL,にて,NULL
にと,327,387,4701,助詞,副詞化,*,*,*,*,NULL,にと,NULL
にと,372,387,5457,助詞,格助詞,一般,*,*,*,NULL,にと,NULL
にな,372,417,4412,助詞,格助詞,一般,*,*,*,NULL,にな,NULL
にね,327,418,3923,助詞,副詞化,*,*,*,*,NULL,にね,NULL
にね,372,418,5014,助詞,格助詞,一般,*,*,*,NULL,にね,NULL
には,367,283,2940,助詞,接続助詞,一般,*,*,*,NULL,には,NULL
には,372,283,3067,助詞,格助詞,一般,*,*,*,NULL,には,NULL
にも,367,284,3290,助詞,接続助詞,一般,*,*,*,NULL,にも,NULL
にも,372,284,3398,助詞,格助詞,一般,*,*,*,NULL,にも,NULL
にゃ,402,402,919,助詞,特殊,*,*,*,*,NULL,にゃ,NULL
にゃ,404,404,688,助詞,特殊,*,*,*,*,NULL,ニャ,NULL
にょ,372,418,5778,助詞,格助詞,一般,*,*,*,NULL,にょ,NULL
によ,372,425,5361,助詞,格助詞,一般,*,*,*,NULL,によ,NULL
にわ,372,426,5857,助詞,格助詞,一般,*,*,*,NULL,にわ,NULL
にん,372,428,5723,助詞,格助詞,一般,*,*,*,NULL,にん,NULL
ねぇ,418,418,3239,助詞,終助詞,*,*,*,*,NULL,ねぇ,NULL
ねぇ,214,214,1489,助動詞,*,*,*,特殊・ナイ,音便基本形,NULL,ねぇ,NULL
ねえ,418,418,3830,助詞,終助詞,*,*,*,*,NULL,ねえ,NULL
ねえ,214,214,1511,助動詞,*,*,*,特殊・ナイ,音便基本形,NULL,ねえ,NULL
ねば,215,361,1074,助動詞,*,*,*,特殊・ヌ,仮定形,NULL,ねば,NULL
ねん,418,418,3498,助詞,終助詞,*,*,*,*,NULL,ねん,NULL
ねー,418,418,3923,助詞,終助詞,*,*,*,*,NULL,ねー,NULL
のう,420,420,839,助詞,終助詞,*,*,*,*,NULL,のう,NULL
のぉ,419,418,3514,助詞,終助詞,*,*,*,*,NULL,のぉ,NULL
のお,429,418,5277,助詞,連体化,*,*,*,*,NULL,のお,NULL
ので,359,359,1997,助詞,接続助詞,*,*,*,*,NULL,ので,NULL
のに,360,360,1635,助詞,接続助詞,*,*,*,*,NULL,のに,NULL
のね,419,418,2431,助詞,終助詞,*,*,*,*,NULL,のね,NULL
のみ,308,308,881,助詞,副助詞,*,*,*,*,NULL,のみ,NULL
のよ,419,425,2335,助詞,終助詞,*,*,*,*,NULL,のよ,NULL
のよ,429,425,5513,助詞,連体化,*,*,*,*,NULL,のよ,NULL
はど,283,352,5322,助詞,係助詞,*,*,*,*,NULL,はど,NULL
はな,283,417,4980,助詞,係助詞,*,*,*,*,NULL,はな,NULL
はね,283,418,4981,助詞,係助詞,*,*,*,*,NULL,はね,NULL
はよ,283,425,5158,助詞,係助詞,*,*,*,*,NULL,はよ,NULL
はら,1624,1624,1003,動詞,非自立,*,*,五段・ラ行,未然形,NULL,はら,NULL
ばこ,361,861,4465,助詞,接続助詞,*,*,*,*,NULL,ばこ,NULL
ばと,361,387,3987,助詞,接続助詞,*,*,*,*,NULL,ばと,NULL
ばな,361,417,4070,助詞,接続助詞,*,*,*,*,NULL,ばな,NULL
ばね,361,418,4438,助詞,接続助詞,*,*,*,*,NULL,ばね,NULL
ひん,41,41,930,助動詞,*,*,*,不変化型,基本形,NULL,ひん,NULL
へと,375,387,3604,助詞,格助詞,一般,*,*,*,NULL,へと,NULL
への,375,429,3372,助詞,格助詞,一般,*,*,*,NULL,への,NULL
へん,42,42,843,助動詞,*,*,*,不変化型,基本形,NULL,へん,NULL
べき,119,119,1696,助動詞,*,*,*,文語・ベシ,体言接続,NULL,べき,NULL
べく,123,123,1733,助動詞,*,*,*,文語・ベシ,連用形,NULL,べく,NULL
べし,120,120,454,助動詞,*,*,*,文語・ベシ,基本形,NULL,べし,NULL
ほど,313,313,1797,助詞,副助詞,*,*,*,*,NULL,ほど,NULL
ぽい,2283,2283,1146,形容詞,接尾,*,*,形容詞・アウオ段,基本形,NULL,ぽい,NULL
ぽつ,2192,32,2164,形容詞,接尾,*,*,形容詞・アウオ段,ガル接続,NULL,ぽつ,NULL
ぽよ,2192,425,2620,形容詞,接尾,*,*,形容詞・アウオ段,ガル接続,NULL,ぽよ,NULL
まい,43,43,837,助動詞,*,*,*,不変化型,基本形,NULL,まい,NULL
まし,260,260,3549,助動詞,*,*,*,特殊・マス,連用形,NULL,まし,NULL
まし,234,234,1200,助動詞,*,*,*,特殊・マス,命令ｉ,NULL,まし,NULL
ます,240,240,590,助動詞,*,*,*,特殊・マス,基本形,NULL,ます,NULL
ませ,228,228,118,助動詞,*,*,*,特殊・マス,命令ｅ,NULL,ませ,NULL
まで,314,314,1529,助詞,副助詞,*,*,*,*,NULL,まで,NULL
まで,324,324,1556,助詞,副助詞,*,*,*,*,NULL,迄,NULL
もね,284,418,4449,助詞,係助詞,*,*,*,*,NULL,もね,NULL
もの,376,376,1157,助詞,格助詞,一般,*,*,*,NULL,もの,NULL
もん,422,422,680,助詞,終助詞,*,*,*,*,NULL,もん,NULL
やが,265,332,2650,助動詞,*,*,*,特殊・ヤ,基本形,NULL,やが,NULL
やし,264,264,1596,助動詞,*,*,*,特殊・マス,連用形,NULL,やし,NULL
やし,238,238,404,助動詞,*,*,*,特殊・マス,命令ｉ,NULL,やし,NULL
やす,244,244,937,助動詞,*,*,*,特殊・マス,基本形,NULL,やす,NULL
やぞ,265,412,2278,助動詞,*,*,*,特殊・ヤ,基本形,NULL,やぞ,NULL
やて,265,348,3290,助動詞,*,*,*,特殊・ヤ,基本形,NULL,やて,NULL
やで,265,416,1570,助動詞,*,*,*,特殊・ヤ,基本形,NULL,やで,NULL
やな,265,417,1494,助動詞,*,*,*,特殊・ヤ,基本形,NULL,やな,NULL
やね,265,418,1739,助動詞,*,*,*,特殊・ヤ,基本形,NULL,やね,NULL
やら,424,424,368,助詞,終助詞,*,*,*,*,NULL,やら,NULL
やろ,266,266,416,助動詞,*,*,*,特殊・ヤ,未然形,NULL,やろ,NULL
やわ,265,426,2123,助動詞,*,*,*,特殊・ヤ,基本形,NULL,やわ,NULL
やん,44,44,502,助動詞,*,*,*,不変化型,基本形,NULL,やん,NULL
よぉ,418,418,4057,助詞,終助詞,*,*,*,*,NULL,よぉ,NULL
よし,2466,2466,1574,形容詞,非自立,*,*,*,文語基本形,NULL,よし,NULL
よっ,425,418,3922,助詞,終助詞,*,*,*,*,NULL,よっ,NULL
よな,425,417,2729,助詞,終助詞,*,*,*,*,NULL,よな,NULL
よね,425,418,2027,助詞,終助詞,*,*,*,*,NULL,よね,NULL
より,378,378,1403,助詞,格助詞,一般,*,*,*,NULL,より,NULL
よん,425,428,4210,助詞,終助詞,*,*,*,*,NULL,よん,NULL
られ,481,481,2289,動詞,接尾,*,*,一段,連用形,NULL,られ,NULL
るど,134,352,2117,助動詞,*,*,*,文語・ル,基本形,NULL,るど,NULL
るる,131,131,1195,助動詞,*,*,*,文語・ル,体言接続,NULL,るる,NULL
るん,134,428,2376,助動詞,*,*,*,文語・ル,基本形,NULL,るん,NULL
れず,476,219,2591,動詞,接尾,*,*,一段,未然形,NULL,れず,NULL
れた,482,142,2237,動詞,接尾,*,*,一段,連用形,NULL,れた,NULL
れて,482,348,2974,動詞,接尾,*,*,一段,連用形,NULL,れて,NULL
れる,464,464,1383,動詞,接尾,*,*,一段,基本形,NULL,れる,NULL
わぁ,426,418,3403,助詞,終助詞,*,*,*,*,NULL,わぁ,NULL
わい,427,427,1104,助詞,終助詞,*,*,*,*,NULL,わい,NULL
わな,426,417,2629,助詞,終助詞,*,*,*,*,NULL,わな,NULL
わね,426,418,2576,助詞,終助詞,*,*,*,*,NULL,わね,NULL
わよ,426,425,2619,助詞,終助詞,*,*,*,*,NULL,わよ,NULL
んか,45,325,4171,助動詞,*,*,*,不変化型,基本形,NULL,んか,NULL
んが,45,332,3771,助動詞,*,*,*,不変化型,基本形,NULL,んが,NULL
んし,45,339,4093,助動詞,*,*,*,不変化型,基本形,NULL,んし,NULL
んぞ,45,412,3956,助動詞,*,*,*,不変化型,基本形,NULL,んぞ,NULL
んっ,45,418,4080,助動詞,*,*,*,不変化型,基本形,NULL,んっ,NULL
んで,45,416,4366,助動詞,*,*,*,不変化型,基本形,NULL,んで,NULL
んで,365,365,1707,助詞,接続助詞,*,*,*,*,NULL,んで,NULL
んと,45,350,4471,助動詞,*,*,*,不変化型,基本形,NULL,んと,NULL
んど,45,352,4377,助動詞,*,*,*,不変化型,基本形,NULL,んど,NULL
んな,45,417,3525,助動詞,*,*,*,不変化型,基本形,NULL,んな,NULL
んね,45,418,3726,助動詞,*,*,*,不変化型,基本形,NULL,んね,NULL
んの,45,419,4011,助動詞,*,*,*,不変化型,基本形,NULL,んの,NULL
んよ,45,425,3660,助動詞,*,*,*,不変化型,基本形,NULL,んよ,NULL
んわ,45,426,3692,助動詞,*,*,*,不変化型,基本形,NULL,んわ,NULL
んん,45,428,4416,助動詞,*,*,*,不変化型,基本形,NULL,んん,NULL
ーっ,46,418,2526,助動詞,*,*,*,不変化型,基本形,NULL,ーっ,NULL
ーな,46,417,2557,助動詞,*,*,*,不変化型,基本形,NULL,ーな,NULL
ーね,46,418,2587,助動詞,*,*,*,不変化型,基本形,NULL,ーね,NULL
ーの,46,419,2685,助動詞,*,*,*,不変化型,基本形,NULL,ーの,NULL
ーや,46,423,2608,助動詞,*,*,*,不変化型,基本形,NULL,ーや,NULL
ーよ,46,425,2046,助動詞,*,*,*,不変化型,基本形,NULL,ーよ,NULL
ーん,46,428,2147,助動詞,*,*,*,不変化型,基本形,NULL,ーん,NULL
あおう,1795,35,249,動詞,非自立,*,*,五段・ワ行促音便,未然ウ接続,NULL,合おう,NULL
あわせ,1806,480,1003,動詞,非自立,*,*,五段・ワ行促音便,未然形,NULL,合わせ,NULL
います,1202,240,4134,動詞,非自立,*,*,一段,連用形,NULL,います,NULL
うかと,35,387,4121,助動詞,*,*,*,不変化型,基本形,NULL,うかと,NULL
うかな,35,408,2740,助動詞,*,*,*,不変化型,基本形,NULL,うかな,NULL
うっと,35,386,3736,助動詞,*,*,*,不変化型,基本形,NULL,うっと,NULL
うです,35,172,4119,助動詞,*,*,*,不変化型,基本形,NULL,うです,NULL
うとは,35,283,3763,助動詞,*,*,*,不変化型,基本形,NULL,うとは,NULL
うとも,35,284,4284,助動詞,*,*,*,不変化型,基本形,NULL,うとも,NULL
うとも,35,351,4475,助動詞,*,*,*,不変化型,基本形,NULL,うとも,NULL
えない,1163,204,965,動詞,非自立,*,*,一段,未然形,NULL,えない,NULL
えない,1188,204,1148,動詞,非自立,*,*,一段,未然形,NULL,得ない,NULL
えます,1203,240,750,動詞,非自立,*,*,一段,連用形,NULL,えます,NULL
えます,1228,240,930,動詞,非自立,*,*,一段,連用形,NULL,得ます,NULL
おわり,1695,1695,1665,動詞,非自立,*,*,五段・ラ行,連用形,NULL,終わり,NULL
かしら,407,407,355,助詞,終助詞,*,*,*,*,NULL,かしら,NULL
かって,325,391,4023,助詞,副助詞／並立助詞／終助詞,*,*,*,*,NULL,かって,NULL
かです,325,172,3714,助詞,副助詞／並立助詞／終助詞,*,*,*,*,NULL,かです,NULL
かなぁ,408,408,2269,助詞,終助詞,*,*,*,*,NULL,かなぁ,NULL
かなぁ,325,418,2988,助詞,副助詞／並立助詞／終助詞,*,*,*,*,NULL,かなぁ,NULL
かなあ,325,418,3458,助詞,副助詞／並立助詞／終助詞,*,*,*,*,NULL,かなあ,NULL
かなと,408,387,2279,助詞,終助詞,*,*,*,*,NULL,かなと,NULL
かなー,408,408,2750,助詞,終助詞,*,*,*,*,NULL,かなー,NULL
かもね,288,418,2391,助詞,副助詞,*,*,*,*,NULL,かもね,NULL
かよっ,325,418,3706,助詞,副助詞／並立助詞／終助詞,*,*,*,*,NULL,かよっ,NULL
からだ,330,165,2933,助詞,接続助詞,*,*,*,*,NULL,からだ,NULL
からな,330,417,2948,助詞,接続助詞,*,*,*,*,NULL,からな,NULL
からね,330,418,2699,助詞,接続助詞,*,*,*,*,NULL,からね,NULL
からの,368,429,3629,助詞,格助詞,一般,*,*,*,NULL,からの,NULL
からは,368,283,3664,助詞,格助詞,一般,*,*,*,NULL,からは,NULL
がたい,2517,2517,1034,形容詞,非自立,*,*,形容詞・アウオ段,基本形,NULL,がたい,NULL
がてら,333,333,1500,助詞,接続助詞,*,*,*,*,NULL,がてら,NULL
きです,98,172,2986,助動詞,*,*,*,文語・キ,基本形,NULL,きです,NULL
くさい,2288,2288,1124,形容詞,接尾,*,*,形容詞・アウオ段,基本形,NULL,臭い,NULL
くらい,289,289,1536,助詞,副助詞,*,*,*,*,NULL,くらい,NULL
ぐらい,290,290,1577,助詞,副助詞,*,*,*,*,NULL,ぐらい,NULL
けどね,334,418,2749,助詞,接続助詞,*,*,*,*,NULL,けどね,NULL
けれど,336,336,1529,助詞,接続助詞,*,*,*,*,NULL,けれど,NULL
こそが,277,369,2861,助詞,係助詞,*,*,*,*,NULL,こそが,NULL
こそは,277,283,2657,助詞,係助詞,*,*,*,*,NULL,こそは,NULL
ござい,68,68,3801,助動詞,*,*,*,五段・ラ行特殊,連用形,NULL,ござい,NULL
させた,478,142,2180,動詞,接尾,*,*,一段,連用形,NULL,させた,NULL
させて,478,348,2310,動詞,接尾,*,*,一段,連用形,NULL,させて,NULL
させる,460,460,1137,動詞,接尾,*,*,一段,基本形,NULL,させる,NULL
させる,632,462,2661,動詞,自立,*,*,サ変・スル,未然レル接続,NULL,させる,NULL
された,632,142,2084,動詞,自立,*,*,サ変・スル,未然レル接続,NULL,された,NULL
される,632,464,1935,動詞,自立,*,*,サ変・スル,未然レル接続,NULL,される,NULL
したい,634,152,2825,動詞,自立,*,*,サ変・スル,連用形,NULL,したい,NULL
したり,634,268,3329,動詞,自立,*,*,サ変・スル,連用形,NULL,したり,NULL
しなぁ,339,418,3851,助詞,接続助詞,*,*,*,*,NULL,しなぁ,NULL
しない,633,204,971,動詞,自立,*,*,サ変・スル,未然形,NULL,しない,NULL
します,634,240,1233,動詞,自立,*,*,サ変・スル,連用形,NULL,します,NULL
しょう,630,35,2302,動詞,自立,*,*,サ変・スル,未然ウ接続,NULL,しょう,NULL
しよう,630,35,593,動詞,自立,*,*,サ変・スル,未然ウ接続,NULL,しよう,NULL
しろと,627,387,2275,動詞,自立,*,*,サ変・スル,命令ｒｏ,NULL,しろと,NULL
しろや,627,265,2392,動詞,自立,*,*,サ変・スル,命令ｒｏ,NULL,しろや,NULL
しろよ,627,425,1346,動詞,自立,*,*,サ変・スル,命令ｒｏ,NULL,しろよ,NULL
じゃう,340,35,2202,助詞,接続助詞,*,*,*,*,NULL,じゃう,NULL
じゃが,137,332,2360,助動詞,*,*,*,特殊・ジャ,基本形,NULL,じゃが,NULL
じゃな,137,417,1535,助動詞,*,*,*,特殊・ジャ,基本形,NULL,じゃな,NULL
じゃね,137,418,683,助動詞,*,*,*,特殊・ジャ,基本形,NULL,じゃね,NULL
じゃね,292,418,2523,助詞,副助詞,*,*,*,*,NULL,じゃね,NULL
じゃね,340,418,2332,助詞,接続助詞,*,*,*,*,NULL,じゃね,NULL
じゃよ,137,425,2067,助動詞,*,*,*,特殊・ジャ,基本形,NULL,じゃよ,NULL
じゃろ,138,138,569,助動詞,*,*,*,特殊・ジャ,未然形,NULL,じゃろ,NULL
じゃん,37,37,404,助動詞,*,*,*,不変化型,基本形,NULL,じゃん,NULL
すぎず,1168,219,1901,動詞,非自立,*,*,一段,未然形,NULL,すぎず,NULL
すぎた,1208,142,1757,動詞,非自立,*,*,一段,連用形,NULL,すぎた,NULL
すぎた,1238,142,2008,動詞,非自立,*,*,一段,連用形,NULL,過ぎた,NULL
すぎて,1208,348,1760,動詞,非自立,*,*,一段,連用形,NULL,すぎて,NULL
すぎて,1238,348,2077,動詞,非自立,*,*,一段,連用形,NULL,過ぎて,NULL
すぎる,1086,1086,698,動詞,非自立,*,*,一段,基本形,NULL,すぎる,NULL
すぎる,1117,1117,862,動詞,非自立,*,*,一段,基本形,NULL,過ぎる,NULL
すけど,574,334,3082,動詞,自立,*,*,*,文語基本形,NULL,すけど,NULL
すべき,574,119,1807,動詞,自立,*,*,*,文語基本形,NULL,すべき,NULL
すべく,574,123,2785,動詞,自立,*,*,*,文語基本形,NULL,すべく,NULL
すべし,574,120,2170,動詞,自立,*,*,*,文語基本形,NULL,すべし,NULL
すよね,574,418,3019,動詞,自立,*,*,*,文語基本形,NULL,すよね,NULL
すると,629,350,2825,動詞,自立,*,*,サ変・スル,基本形,NULL,すると,NULL
すれば,623,361,1551,動詞,自立,*,*,サ変・スル,仮定形,NULL,すれば,NULL
すんな,625,417,1143,動詞,自立,*,*,サ変・スル,体言接続特殊,NULL,すんな,NULL
すんの,625,419,892,動詞,自立,*,*,サ変・スル,体言接続特殊,NULL,すんの,NULL
ずです,219,172,3435,助動詞,*,*,*,特殊・ヌ,連用ニ接続,NULL,ずです,NULL
せずに,631,372,2583,動詞,自立,*,*,サ変・スル,未然ヌ接続,NULL,せずに,NULL
せたい,480,152,3327,動詞,接尾,*,*,一段,連用形,NULL,せたい,NULL
せたり,480,268,3766,動詞,接尾,*,*,一段,連用形,NULL,せたり,NULL
せてね,480,418,3703,動詞,接尾,*,*,一段,連用形,NULL,せてね,NULL
せない,474,204,1552,動詞,接尾,*,*,一段,未然形,NULL,せない,NULL
せねば,631,361,2648,動詞,自立,*,*,サ変・スル,未然ヌ接続,NULL,せねば,NULL
せます,480,240,2347,動詞,接尾,*,*,一段,連用形,NULL,せます,NULL
せやな,631,417,3904,動詞,自立,*,*,サ変・スル,未然ヌ接続,NULL,せやな,NULL
たいか,152,325,3432,助動詞,*,*,*,特殊・タイ,基本形,NULL,たいか,NULL
たいと,152,387,3463,助動詞,*,*,*,特殊・タイ,基本形,NULL,たいと,NULL
たいな,152,417,2784,助動詞,*,*,*,特殊・タイ,基本形,NULL,たいな,NULL
たいね,152,418,3700,助動詞,*,*,*,特殊・タイ,基本形,NULL,たいね,NULL
たいの,152,419,3522,助動詞,*,*,*,特殊・タイ,基本形,NULL,たいの,NULL
たいよ,152,425,3529,助動詞,*,*,*,特殊・タイ,基本形,NULL,たいよ,NULL
たかな,142,408,3877,助動詞,*,*,*,特殊・タ,基本形,NULL,たかな,NULL
たかも,142,288,4361,助動詞,*,*,*,特殊・タ,基本形,NULL,たかも,NULL
たから,142,330,4016,助動詞,*,*,*,特殊・タ,基本形,NULL,たから,NULL
たがる,146,555,1717,助動詞,*,*,*,特殊・タイ,ガル接続,NULL,たがる,NULL
たくて,160,348,2086,助動詞,*,*,*,特殊・タイ,連用テ接続,NULL,たくて,NULL
たけど,142,334,3689,助動詞,*,*,*,特殊・タ,基本形,NULL,たけど,NULL
たっけ,142,414,4455,助動詞,*,*,*,特殊・タ,基本形,NULL,たっけ,NULL
たって,343,343,1421,助詞,接続助詞,*,*,*,*,NULL,たって,NULL
たです,142,172,2649,助動詞,*,*,*,特殊・タ,基本形,NULL,たです,NULL
たなぁ,142,418,4104,助動詞,*,*,*,特殊・タ,基本形,NULL,たなぁ,NULL
たので,142,359,3419,助動詞,*,*,*,特殊・タ,基本形,NULL,たので,NULL
たのに,142,360,4033,助動詞,*,*,*,特殊・タ,基本形,NULL,たのに,NULL
たよね,142,418,3970,助動詞,*,*,*,特殊・タ,基本形,NULL,たよね,NULL
たらと,140,387,4255,助動詞,*,*,*,特殊・タ,仮定形,NULL,たらと,NULL
たらな,140,417,4350,助動詞,*,*,*,特殊・タ,仮定形,NULL,たらな,NULL
たりで,268,168,3789,助詞,並立助詞,*,*,*,*,NULL,たりで,NULL
たりと,268,387,3172,助詞,並立助詞,*,*,*,*,NULL,たりと,NULL
たりね,268,418,4126,助詞,並立助詞,*,*,*,*,NULL,たりね,NULL
たりは,268,283,3177,助詞,並立助詞,*,*,*,*,NULL,たりは,NULL
たりも,268,284,2544,助詞,並立助詞,*,*,*,*,NULL,たりも,NULL
たろう,144,35,928,助動詞,*,*,*,特殊・タ,未然形,NULL,たろう,NULL
たろー,144,46,1929,助動詞,*,*,*,特殊・タ,未然形,NULL,たろー,NULL
たーい,153,153,402,助動詞,*,*,*,特殊・タイ,基本形,NULL,たーい,NULL
だから,165,330,2190,助動詞,*,*,*,特殊・ダ,基本形,NULL,だから,NULL
だけか,296,325,3743,助詞,副助詞,*,*,*,*,NULL,だけか,NULL
だけが,296,369,3777,助詞,副助詞,*,*,*,*,NULL,だけが,NULL
だけだ,296,165,3164,助詞,副助詞,*,*,*,*,NULL,だけだ,NULL
だけで,296,168,2842,助詞,副助詞,*,*,*,*,NULL,だけで,NULL
だけで,296,370,3476,助詞,副助詞,*,*,*,*,NULL,だけで,NULL
だけど,143,334,3254,助動詞,*,*,*,特殊・タ,基本形,NULL,だけど,NULL
だけど,165,334,1947,助動詞,*,*,*,特殊・ダ,基本形,NULL,だけど,NULL
だけに,296,372,3040,助詞,副助詞,*,*,*,*,NULL,だけに,NULL
だけの,296,429,3727,助詞,副助詞,*,*,*,*,NULL,だけの,NULL
だけは,296,283,3436,助詞,副助詞,*,*,*,*,NULL,だけは,NULL
だした,1454,142,1436,動詞,非自立,*,*,五段・サ行,連用形,NULL,だした,NULL
だした,1457,142,1320,動詞,非自立,*,*,五段・サ行,連用形,NULL,出した,NULL
だっけ,165,414,3046,助動詞,*,*,*,特殊・ダ,基本形,NULL,だっけ,NULL
だった,167,142,871,助動詞,*,*,*,特殊・ダ,連用タ接続,NULL,だった,NULL
だって,297,297,1004,助詞,副助詞,*,*,*,*,NULL,だって,NULL
だなぁ,165,418,2891,助動詞,*,*,*,特殊・ダ,基本形,NULL,だなぁ,NULL
だなあ,165,418,3328,助動詞,*,*,*,特殊・ダ,基本形,NULL,だなあ,NULL
だので,143,359,3459,助動詞,*,*,*,特殊・タ,基本形,NULL,だので,NULL
だよね,143,418,3309,助動詞,*,*,*,特殊・タ,基本形,NULL,だよね,NULL
だよね,165,418,2237,助動詞,*,*,*,特殊・ダ,基本形,NULL,だよね,NULL
だりも,270,284,2382,助詞,並立助詞,*,*,*,*,NULL,だりも,NULL
だろう,166,35,727,助動詞,*,*,*,特殊・ダ,未然形,NULL,だろう,NULL
ちまえ,1769,1769,316,動詞,非自立,*,*,五段・ワ行促音便,命令ｅ,NULL,ちまえ,NULL
ちゃあ,346,346,1070,助詞,接続助詞,*,*,*,*,NULL,ちゃー,NULL
ちゃう,1781,1781,1069,動詞,非自立,*,*,五段・ワ行促音便,基本形,NULL,ちゃう,NULL
ちゃえ,1770,1770,296,動詞,非自立,*,*,五段・ワ行促音便,命令ｅ,NULL,ちゃえ,NULL
ちゃん,344,428,1777,助詞,接続助詞,*,*,*,*,NULL,ちゃん,NULL
っかな,39,408,3088,助動詞,*,*,*,不変化型,基本形,NULL,っかな,NULL
っしょ,180,180,493,助動詞,*,*,*,特殊・デス,未然形,NULL,っしょ,NULL
っすか,169,325,1621,助動詞,*,*,*,特殊・デス,基本形,NULL,っすか,NULL
っすね,169,418,1176,助動詞,*,*,*,特殊・デス,基本形,NULL,っすね,NULL
っすよ,169,425,1579,助動詞,*,*,*,特殊・デス,基本形,NULL,っすよ,NULL
っすわ,169,426,2324,助動詞,*,*,*,特殊・デス,基本形,NULL,っすわ,NULL
ったら,39,140,2881,助動詞,*,*,*,不変化型,基本形,NULL,ったら,NULL
っっっ,39,418,3846,助動詞,*,*,*,不変化型,基本形,NULL,っっっ,NULL
ってさ,391,410,3909,助詞,格助詞,連語,*,*,*,NULL,ってさ,NULL
ってな,393,393,2297,助詞,格助詞,連語,*,*,*,NULL,ってな,NULL
ってね,391,418,3502,助詞,格助詞,連語,*,*,*,NULL,ってね,NULL
ってよ,391,425,4052,助詞,格助詞,連語,*,*,*,NULL,ってよ,NULL
っとな,386,417,2915,助詞,格助詞,引用,*,*,*,NULL,っとな,NULL
っぽい,2282,2282,1137,形容詞,接尾,*,*,形容詞・アウオ段,基本形,NULL,っぽい,NULL
っぽく,2348,2348,1360,形容詞,接尾,*,*,形容詞・アウオ段,連用テ接続,NULL,っぽく,NULL
つから,32,330,2346,助動詞,*,*,*,下二・タ行,基本形,NULL,つから,NULL
つける,1090,1090,1160,動詞,非自立,*,*,一段,基本形,NULL,つける,NULL
つけろ,1008,1008,11,動詞,非自立,*,*,一段,命令ｒｏ,NULL,つけろ,NULL
つつも,347,284,2413,助詞,接続助詞,*,*,*,*,NULL,つつも,NULL
ていく,348,1366,3504,助詞,接続助詞,*,*,*,*,NULL,ていく,NULL
ていた,348,142,2878,助詞,接続助詞,*,*,*,*,NULL,ていた,NULL
ている,348,1080,2299,助詞,接続助詞,*,*,*,*,NULL,ている,NULL
てきた,348,142,3165,助詞,接続助詞,*,*,*,*,NULL,てきた,NULL
てくる,348,859,3416,助詞,接続助詞,*,*,*,*,NULL,てくる,NULL
てたか,1215,325,3410,動詞,非自立,*,*,一段,連用形,NULL,てたか,NULL
てたが,1215,332,2765,動詞,非自立,*,*,一段,連用形,NULL,てたが,NULL
てたし,1215,339,3541,動詞,非自立,*,*,一段,連用形,NULL,てたし,NULL
てたぞ,1215,412,4265,動詞,非自立,*,*,一段,連用形,NULL,てたぞ,NULL
てたな,1215,417,3551,動詞,非自立,*,*,一段,連用形,NULL,てたな,NULL
てたね,1215,418,3364,動詞,非自立,*,*,一段,連用形,NULL,てたね,NULL
てたの,1215,419,3797,動詞,非自立,*,*,一段,連用形,NULL,てたの,NULL
てたよ,1215,425,3097,動詞,非自立,*,*,一段,連用形,NULL,てたよ,NULL
てたら,1215,140,2402,動詞,非自立,*,*,一段,連用形,NULL,てたら,NULL
てたわ,1215,426,3813,動詞,非自立,*,*,一段,連用形,NULL,てたわ,NULL
てても,1215,284,4045,動詞,非自立,*,*,一段,連用形,NULL,てても,NULL
てない,1175,204,1273,動詞,非自立,*,*,一段,未然形,NULL,てない,NULL
てます,348,240,2583,助詞,接続助詞,*,*,*,*,NULL,てます,NULL
てみた,348,142,3297,助詞,接続助詞,*,*,*,*,NULL,てみた,NULL
てみる,348,1099,3640,助詞,接続助詞,*,*,*,*,NULL,てみる,NULL
てるし,1093,339,2618,動詞,非自立,*,*,一段,基本形,NULL,てるし,NULL
てるな,1093,417,2975,動詞,非自立,*,*,一段,基本形,NULL,てるな,NULL
てるね,1093,418,2952,動詞,非自立,*,*,一段,基本形,NULL,てるね,NULL
てるの,1093,419,2351,動詞,非自立,*,*,一段,基本形,NULL,てるの,NULL
てるよ,1093,425,2343,動詞,非自立,*,*,一段,基本形,NULL,てるよ,NULL
てるわ,1093,426,3140,動詞,非自立,*,*,一段,基本形,NULL,てるわ,NULL
てれば,888,361,1649,動詞,非自立,*,*,一段,仮定形,NULL,てれば,NULL
てろよ,1011,425,831,動詞,非自立,*,*,一段,命令ｒｏ,NULL,てろよ,NULL
てんな,970,417,1645,動詞,非自立,*,*,一段,体言接続特殊,NULL,てんな,NULL
であり,168,57,3061,助動詞,*,*,*,特殊・ダ,連用形,NULL,であり,NULL
である,168,53,1228,助動詞,*,*,*,特殊・ダ,連用形,NULL,である,NULL
でいい,168,2467,3722,助動詞,*,*,*,特殊・ダ,連用形,NULL,でいい,NULL
でいく,349,1366,3039,助詞,接続助詞,*,*,*,*,NULL,でいく,NULL
でいた,349,142,2659,助詞,接続助詞,*,*,*,*,NULL,でいた,NULL
でいる,349,1080,2047,助詞,接続助詞,*,*,*,*,NULL,でいる,NULL
できず,693,219,2631,動詞,自立,*,*,一段,未然形,NULL,できず,NULL
できた,700,142,2129,動詞,自立,*,*,一段,連用形,NULL,できた,NULL
できた,349,142,3144,助詞,接続助詞,*,*,*,*,NULL,できた,NULL
できて,700,348,3176,動詞,自立,*,*,一段,連用形,NULL,できて,NULL
できる,679,679,973,動詞,自立,*,*,一段,基本形,NULL,できる,NULL
でくる,349,859,3352,助詞,接続助詞,*,*,*,*,NULL,でくる,NULL
でした,192,142,327,助動詞,*,*,*,特殊・デス,連用形,NULL,でした,NULL
でして,192,348,2927,助動詞,*,*,*,特殊・デス,連用形,NULL,でして,NULL
でしょ,183,183,712,助動詞,*,*,*,特殊・デス,未然形,NULL,でしょ,NULL
ですか,172,325,1668,助動詞,*,*,*,特殊・デス,基本形,NULL,ですか,NULL
ですが,172,332,1814,助動詞,*,*,*,特殊・デス,基本形,NULL,ですが,NULL
ですし,172,339,3482,助動詞,*,*,*,特殊・デス,基本形,NULL,ですし,NULL
ですっ,172,39,3997,助動詞,*,*,*,特殊・デス,基本形,NULL,ですっ,NULL
ですな,172,417,3525,助動詞,*,*,*,特殊・デス,基本形,NULL,ですな,NULL
ですね,172,418,1570,助動詞,*,*,*,特殊・デス,基本形,NULL,ですね,NULL
ですよ,172,425,2089,助動詞,*,*,*,特殊・デス,基本形,NULL,ですよ,NULL
ですわ,172,426,3851,助動詞,*,*,*,特殊・デス,基本形,NULL,ですわ,NULL
でっす,173,173,187,助動詞,*,*,*,特殊・デス,基本形,NULL,でっす,NULL
でっせ,1384,480,598,動詞,非自立,*,*,五段・カ行促音便,連用タ接続,NULL,でっせ,NULL
でない,168,204,3421,助動詞,*,*,*,特殊・ダ,連用形,NULL,でない,NULL
でます,349,240,2274,助詞,接続助詞,*,*,*,*,NULL,でます,NULL
でみた,349,142,3070,助詞,接続助詞,*,*,*,*,NULL,でみた,NULL
でもか,299,325,3527,助詞,副助詞,*,*,*,*,NULL,でもか,NULL
でもね,299,418,4128,助詞,副助詞,*,*,*,*,NULL,でもね,NULL
でーす,174,174,208,助動詞,*,*,*,特殊・デス,基本形,NULL,でーす,NULL
という,395,395,2612,助詞,格助詞,連語,*,*,*,NULL,という,NULL
といた,1328,142,1809,動詞,非自立,*,*,五段・カ行イ音便,連用タ接続,NULL,といた,NULL
といて,1328,348,1019,動詞,非自立,*,*,五段・カ行イ音便,連用タ接続,NULL,といて,NULL
とかさ,272,410,3732,助詞,並立助詞,*,*,*,*,NULL,とかさ,NULL
とかで,272,168,3474,助詞,並立助詞,*,*,*,*,NULL,とかで,NULL
とかに,272,372,3620,助詞,並立助詞,*,*,*,*,NULL,とかに,NULL
とかね,272,418,3086,助詞,並立助詞,*,*,*,*,NULL,とかね,NULL
とかは,272,283,3365,助詞,並立助詞,*,*,*,*,NULL,とかは,NULL
とかも,272,284,3688,助詞,並立助詞,*,*,*,*,NULL,とかも,NULL
としか,387,279,5062,助詞,格助詞,引用,*,*,*,NULL,としか,NULL
とった,1661,142,1397,動詞,非自立,*,*,五段・ラ行,連用タ接続,NULL,とった,NULL
とはな,387,417,6089,助詞,格助詞,引用,*,*,*,NULL,とはな,NULL
とよい,350,2521,4181,助詞,接続助詞,*,*,*,*,NULL,とよい,NULL
ないか,204,325,3326,助動詞,*,*,*,特殊・ナイ,基本形,NULL,ないか,NULL
ないが,204,332,3506,助動詞,*,*,*,特殊・ナイ,基本形,NULL,ないが,NULL
ないし,204,339,3176,助動詞,*,*,*,特殊・ナイ,基本形,NULL,ないし,NULL
ないぞ,204,412,3911,助動詞,*,*,*,特殊・ナイ,基本形,NULL,ないぞ,NULL
ないで,213,349,1385,助動詞,*,*,*,特殊・ナイ,連用デ接続,NULL,ないで,NULL
ないと,204,350,3096,助動詞,*,*,*,特殊・ナイ,基本形,NULL,ないと,NULL
ないな,204,417,3495,助動詞,*,*,*,特殊・ナイ,基本形,NULL,ないな,NULL
ないね,204,418,3544,助動詞,*,*,*,特殊・ナイ,基本形,NULL,ないね,NULL
ないの,204,419,3238,助動詞,*,*,*,特殊・ナイ,基本形,NULL,ないの,NULL
ないよ,204,425,3158,助動詞,*,*,*,特殊・ナイ,基本形,NULL,ないよ,NULL
ないわ,204,426,3839,助動詞,*,*,*,特殊・ナイ,基本形,NULL,ないわ,NULL
なおし,1459,1459,1390,動詞,非自立,*,*,五段・サ行,連用形,NULL,直し,NULL
なかっ,211,211,3506,助動詞,*,*,*,特殊・ナイ,連用タ接続,NULL,なかっ,NULL
ながら,355,355,1642,助詞,接続助詞,*,*,*,*,NULL,ながら,NULL
なきゃ,200,200,1128,助動詞,*,*,*,特殊・ナイ,仮定縮約２,NULL,なきゃ,NULL
なくて,212,348,2482,助動詞,*,*,*,特殊・ナイ,連用テ接続,NULL,なくて,NULL
なくね,212,418,3716,助動詞,*,*,*,特殊・ナイ,連用テ接続,NULL,なくね,NULL
なさい,1714,1714,442,動詞,非自立,*,*,五段・ラ行特殊,命令ｉ,NULL,なさい,NULL
なだけ,163,296,4400,助動詞,*,*,*,特殊・ダ,体言接続,NULL,なだけ,NULL
なっし,1663,339,1374,動詞,非自立,*,*,五段・ラ行,連用タ接続,NULL,なっし,NULL
なって,417,391,4009,助詞,終助詞,*,*,*,*,NULL,なって,NULL
なです,163,172,5342,助動詞,*,*,*,特殊・ダ,体言接続,NULL,なです,NULL
などに,302,372,3185,助詞,副助詞,*,*,*,*,NULL,などに,NULL
などを,302,379,3169,助詞,副助詞,*,*,*,*,NULL,などを,NULL
なのぉ,163,418,5254,助動詞,*,*,*,特殊・ダ,体言接続,NULL,なのぉ,NULL
なので,163,359,2583,助動詞,*,*,*,特殊・ダ,体言接続,NULL,なので,NULL
なのに,163,360,3295,助動詞,*,*,*,特殊・ダ,体言接続,NULL,なのに,NULL
なのね,163,418,4185,助動詞,*,*,*,特殊・ダ,体言接続,NULL,なのね,NULL
なのよ,163,425,4186,助動詞,*,*,*,特殊・ダ,体言接続,NULL,なのよ,NULL
ならば,162,361,2763,助動詞,*,*,*,特殊・ダ,仮定形,NULL,ならば,NULL
なんか,304,304,1858,助詞,副助詞,*,*,*,*,NULL,なんか,NULL
なんて,307,307,1518,助詞,副助詞,*,*,*,*,NULL,なんて,NULL
なんで,163,365,3832,助動詞,*,*,*,特殊・ダ,体言接続,NULL,なんで,NULL
なーい,205,205,537,助動詞,*,*,*,特殊・ナイ,基本形,NULL,なーい,NULL
にくい,2519,2519,1124,形容詞,非自立,*,*,形容詞・アウオ段,基本形,NULL,にくい,NULL
にくい,2524,2524,1241,形容詞,非自立,*,*,形容詞・アウオ段,基本形,NULL,難い,NULL
にこそ,372,277,5852,助詞,格助詞,一般,*,*,*,NULL,にこそ,NULL
にしか,372,279,5541,助詞,格助詞,一般,*,*,*,NULL,にしか,NULL
にです,327,172,4711,助詞,副詞化,*,*,*,*,NULL,にです,NULL
にです,372,172,5526,助詞,格助詞,一般,*,*,*,NULL,にです,NULL
にでも,372,299,4724,助詞,格助詞,一般,*,*,*,NULL,にでも,NULL
にない,327,204,4330,助詞,副詞化,*,*,*,*,NULL,にない,NULL
にまで,372,314,5622,助詞,格助詞,一般,*,*,*,NULL,にまで,NULL
ねぇよ,214,425,2167,助動詞,*,*,*,特殊・ナイ,音便基本形,NULL,ねぇよ,NULL
ねえよ,214,425,2049,助動詞,*,*,*,特殊・ナイ,音便基本形,NULL,ねえよ,NULL
ねっと,418,386,4184,助詞,終助詞,*,*,*,*,NULL,ねっと,NULL
のにな,360,417,3027,助詞,接続助詞,*,*,*,*,NULL,のにな,NULL
のにね,360,418,3056,助詞,接続助詞,*,*,*,*,NULL,のにね,NULL
のよね,419,418,2653,助詞,終助詞,*,*,*,*,NULL,のよね,NULL
はない,283,204,3485,助詞,係助詞,*,*,*,*,NULL,はない,NULL
はなく,283,212,4885,助詞,係助詞,*,*,*,*,NULL,はなく,NULL
ばいい,361,2467,2948,助詞,接続助詞,*,*,*,*,NULL,ばいい,NULL
ばかり,310,310,1244,助詞,副助詞,*,*,*,*,NULL,ばかり,NULL
ばっか,311,311,1141,助詞,副助詞,*,*,*,*,NULL,ばっか,NULL
ばなぁ,361,418,4527,助詞,接続助詞,*,*,*,*,NULL,ばなぁ,NULL
ばよい,361,2521,3636,助詞,接続助詞,*,*,*,*,NULL,ばよい,NULL
へんで,42,416,1884,助動詞,*,*,*,不変化型,基本形,NULL,へんで,NULL
べきか,119,325,2101,助動詞,*,*,*,文語・ベシ,体言接続,NULL,べきか,NULL
べきだ,119,165,2354,助動詞,*,*,*,文語・ベシ,体言接続,NULL,べきだ,NULL
まくり,1686,1686,918,動詞,非自立,*,*,五段・ラ行,連用形,NULL,まくり,NULL
まくる,1586,1586,893,動詞,非自立,*,*,五段・ラ行,基本形,NULL,まくる,NULL
まくれ,1566,1566,181,動詞,非自立,*,*,五段・ラ行,命令ｅ,NULL,まくれ,NULL
ました,260,142,634,助動詞,*,*,*,特殊・マス,連用形,NULL,ました,NULL
まして,260,348,2876,助動詞,*,*,*,特殊・マス,連用形,NULL,まして,NULL
ましょ,246,246,1486,助動詞,*,*,*,特殊・マス,未然ウ接続,NULL,ましょ,NULL
ますか,240,325,2150,助動詞,*,*,*,特殊・マス,基本形,NULL,ますか,NULL
ますが,240,332,2563,助動詞,*,*,*,特殊・マス,基本形,NULL,ますが,NULL
ますし,240,339,3713,助動詞,*,*,*,特殊・マス,基本形,NULL,ますし,NULL
ますと,240,350,4166,助動詞,*,*,*,特殊・マス,基本形,NULL,ますと,NULL
ますな,240,417,4624,助動詞,*,*,*,特殊・マス,基本形,NULL,ますな,NULL
ますね,240,418,2589,助動詞,*,*,*,特殊・マス,基本形,NULL,ますね,NULL
ますよ,240,425,2584,助動詞,*,*,*,特殊・マス,基本形,NULL,ますよ,NULL
ますわ,240,426,4734,助動詞,*,*,*,特殊・マス,基本形,NULL,ますわ,NULL
ませぬ,252,40,3957,助動詞,*,*,*,特殊・マス,未然形,NULL,ませぬ,NULL
ません,252,45,476,助動詞,*,*,*,特殊・マス,未然形,NULL,ません,NULL
まっす,241,241,912,助動詞,*,*,*,特殊・マス,基本形,NULL,まっす,NULL
まっせ,229,229,388,助動詞,*,*,*,特殊・マス,命令ｅ,NULL,まっせ,NULL
までと,314,387,3432,助詞,副助詞,*,*,*,*,NULL,までと,NULL
までと,314,371,4318,助詞,副助詞,*,*,*,*,NULL,までと,NULL
までに,314,372,2905,助詞,副助詞,*,*,*,*,NULL,までに,NULL
までの,314,429,3633,助詞,副助詞,*,*,*,*,NULL,までの,NULL
までは,314,283,3337,助詞,副助詞,*,*,*,*,NULL,までは,NULL
までも,314,284,3541,助詞,副助詞,*,*,*,*,NULL,までも,NULL
まーす,242,242,758,助動詞,*,*,*,特殊・マス,基本形,NULL,まーす,NULL
もいい,284,2467,4199,助詞,係助詞,*,*,*,*,NULL,もいい,NULL
もです,284,172,4581,助詞,係助詞,*,*,*,*,NULL,もです,NULL
もない,284,204,4734,助詞,係助詞,*,*,*,*,NULL,もない,NULL
ものの,362,362,1831,助詞,接続助詞,*,*,*,*,NULL,ものの,NULL
やから,265,330,2598,助動詞,*,*,*,特殊・ヤ,基本形,NULL,やから,NULL
やがれ,1568,1568,1109,動詞,非自立,*,*,五段・ラ行,命令ｅ,NULL,やがれ,NULL
やけど,265,334,1947,助動詞,*,*,*,特殊・ヤ,基本形,NULL,やけど,NULL
やした,264,142,1584,助動詞,*,*,*,特殊・マス,連用形,NULL,やした,NULL
やすい,2520,2520,1124,形容詞,非自立,*,*,形容詞・アウオ段,基本形,NULL,やすい,NULL
やすさ,244,410,994,助動詞,*,*,*,特殊・マス,基本形,NULL,やすさ,NULL
やっけ,265,414,3265,助動詞,*,*,*,特殊・ヤ,基本形,NULL,やっけ,NULL
やなぁ,265,418,2506,助動詞,*,*,*,特殊・ヤ,基本形,NULL,やなぁ,NULL
やなあ,265,418,3000,助動詞,*,*,*,特殊・ヤ,基本形,NULL,やなあ,NULL
やねぇ,265,418,3298,助動詞,*,*,*,特殊・ヤ,基本形,NULL,やねぇ,NULL
やねん,265,418,1927,助動詞,*,*,*,特殊・ヤ,基本形,NULL,やねん,NULL
やのに,265,360,3144,助動詞,*,*,*,特殊・ヤ,基本形,NULL,やのに,NULL
やろか,266,325,1796,助動詞,*,*,*,特殊・ヤ,未然形,NULL,やろか,NULL
やろな,266,417,1515,助動詞,*,*,*,特殊・ヤ,未然形,NULL,やろな,NULL
やろね,266,418,2264,助動詞,*,*,*,特殊・ヤ,未然形,NULL,やろね,NULL
やんか,44,325,2028,助動詞,*,*,*,不変化型,基本形,NULL,やんか,NULL
やんけ,44,409,1339,助動詞,*,*,*,不変化型,基本形,NULL,やんけ,NULL
やんな,44,417,2290,助動詞,*,*,*,不変化型,基本形,NULL,やんな,NULL
よいよ,2521,425,2780,形容詞,非自立,*,*,形容詞・アウオ段,基本形,NULL,よいよ,NULL
よなぁ,425,418,3700,助詞,終助詞,*,*,*,*,NULL,よなぁ,NULL
よなあ,425,418,4107,助詞,終助詞,*,*,*,*,NULL,よなあ,NULL
よねぇ,425,418,3774,助詞,終助詞,*,*,*,*,NULL,よねぇ,NULL
よねえ,425,418,4435,助詞,終助詞,*,*,*,*,NULL,よねえ,NULL
よりも,378,284,2671,助詞,格助詞,一般,*,*,*,NULL,よりも,NULL
らしい,82,82,906,助動詞,*,*,*,形容詞・イ段,基本形,NULL,らしい,NULL
らしく,94,94,1366,助動詞,*,*,*,形容詞・イ段,連用テ接続,NULL,らしく,NULL
られず,475,219,2206,動詞,接尾,*,*,一段,未然形,NULL,られず,NULL
られた,481,142,1730,動詞,接尾,*,*,一段,連用形,NULL,られた,NULL
られて,481,348,2713,動詞,接尾,*,*,一段,連用形,NULL,られて,NULL
られる,463,463,970,動詞,接尾,*,*,一段,基本形,NULL,られる,NULL
りです,129,172,2949,助動詞,*,*,*,文語・リ,基本形,NULL,りです,NULL
ります,129,240,2054,助動詞,*,*,*,文語・リ,基本形,NULL,ります,NULL
れたよ,482,425,3508,動詞,接尾,*,*,一段,連用形,NULL,れたよ,NULL
れたり,482,268,3662,動詞,接尾,*,*,一段,連用形,NULL,れたり,NULL
れても,482,284,3532,動詞,接尾,*,*,一段,連用形,NULL,れても,NULL
れない,476,204,1656,動詞,接尾,*,*,一段,未然形,NULL,れない,NULL
れます,482,240,1767,動詞,接尾,*,*,一段,連用形,NULL,れます,NULL
れよう,470,35,1091,動詞,接尾,*,*,一段,未然ウ接続,NULL,れよう,NULL
れれば,434,361,1764,動詞,接尾,*,*,一段,仮定形,NULL,れれば,NULL
わよね,426,418,3107,助詞,終助詞,*,*,*,*,NULL,わよね,NULL
んかい,45,406,4103,助動詞,*,*,*,不変化型,基本形,NULL,んかい,NULL
んかな,45,408,4491,助動詞,*,*,*,不変化型,基本形,NULL,んかな,NULL
んけど,45,334,3699,助動詞,*,*,*,不変化型,基本形,NULL,んけど,NULL
んだい,45,418,4683,助動詞,*,*,*,不変化型,基本形,NULL,んだい,NULL
んだろ,45,166,4501,助動詞,*,*,*,不変化型,基本形,NULL,んだろ,NULL
んです,45,172,4220,助動詞,*,*,*,不変化型,基本形,NULL,んです,NULL
んなぁ,45,418,4466,助動詞,*,*,*,不変化型,基本形,NULL,んなぁ,NULL
んねん,45,418,4466,助動詞,*,*,*,不変化型,基本形,NULL,んねん,NULL
んやろ,45,266,4336,助動詞,*,*,*,不変化型,基本形,NULL,んやろ,NULL
んよな,45,417,4317,助動詞,*,*,*,不変化型,基本形,NULL,んよな,NULL
んよね,45,418,4420,助動詞,*,*,*,不変化型,基本形,NULL,んよね,NULL
ーっと,46,386,2488,助動詞,*,*,*,不変化型,基本形,NULL,ーっと,NULL
ありです,57,172,3121,助動詞,*,*,*,五段・ラ行アル,連用形,NULL,ありです,NULL
いけます,1201,240,2528,動詞,非自立,*,*,一段,連用形,NULL,いけます,NULL
うかしら,35,407,4103,助動詞,*,*,*,不変化型,基本形,NULL,うかしら,NULL
うかなぁ,35,418,4196,助動詞,*,*,*,不変化型,基本形,NULL,うかなぁ,NULL
うかなと,35,387,4457,助動詞,*,*,*,不変化型,基本形,NULL,うかなと,NULL
えません,1203,45,826,動詞,非自立,*,*,一段,連用形,NULL,えません,NULL
えません,1228,45,1193,動詞,非自立,*,*,一段,連用形,NULL,得ません,NULL
かなぁと,408,387,3794,助詞,終助詞,*,*,*,*,NULL,かなぁと,NULL
かなって,408,391,3394,助詞,終助詞,*,*,*,*,NULL,かなって,NULL
かねない,1166,204,818,動詞,非自立,*,*,一段,未然形,NULL,かねない,NULL
かねます,1206,240,422,動詞,非自立,*,*,一段,連用形,NULL,かねます,NULL
かもです,288,172,2561,助詞,副助詞,*,*,*,*,NULL,かもです,NULL
からかな,330,408,3910,助詞,接続助詞,*,*,*,*,NULL,からかな,NULL
からこそ,330,277,3932,助詞,接続助詞,*,*,*,*,NULL,からこそ,NULL
からです,330,172,2124,助詞,接続助詞,*,*,*,*,NULL,からです,NULL
からです,368,172,3380,助詞,格助詞,一般,*,*,*,NULL,からです,NULL
からなぁ,330,418,3695,助詞,接続助詞,*,*,*,*,NULL,からなぁ,NULL
がります,570,240,247,動詞,接尾,*,*,五段・ラ行,連用形,NULL,がります,NULL
きれない,1167,204,1438,動詞,非自立,*,*,一段,未然形,NULL,きれない,NULL
ください,1712,1712,413,動詞,非自立,*,*,五段・ラ行特殊,命令ｉ,NULL,ください,NULL
ください,1720,1720,278,動詞,非自立,*,*,五段・ラ行特殊,命令ｉ,NULL,下さい,NULL
くらいか,289,325,3041,助詞,副助詞,*,*,*,*,NULL,くらいか,NULL
くらいだ,289,165,3353,助詞,副助詞,*,*,*,*,NULL,くらいだ,NULL
くらいで,289,168,2903,助詞,副助詞,*,*,*,*,NULL,くらいで,NULL
くらいに,289,372,2817,助詞,副助詞,*,*,*,*,NULL,くらいに,NULL
くらいの,289,429,3240,助詞,副助詞,*,*,*,*,NULL,くらいの,NULL
くらいは,289,283,3368,助詞,副助詞,*,*,*,*,NULL,くらいは,NULL
けれども,337,337,1899,助詞,接続助詞,*,*,*,*,NULL,けれども,NULL
こみます,1475,240,1425,動詞,非自立,*,*,五段・マ行,連用形,NULL,こみます,NULL
させない,472,204,1545,動詞,接尾,*,*,一段,未然形,NULL,させない,NULL
させます,478,240,1517,動詞,接尾,*,*,一段,連用形,NULL,させます,NULL
させます,632,240,2830,動詞,自立,*,*,サ変・スル,未然レル接続,NULL,させます,NULL
されます,525,240,1428,動詞,接尾,*,*,五段・サ行,未然形,NULL,されます,NULL
されます,632,240,1501,動詞,自立,*,*,サ変・スル,未然レル接続,NULL,されます,NULL
していた,634,142,3033,動詞,自立,*,*,サ変・スル,連用形,NULL,していた,NULL
している,634,1080,2335,動詞,自立,*,*,サ変・スル,連用形,NULL,している,NULL
してます,634,240,2706,動詞,自立,*,*,サ変・スル,連用形,NULL,してます,NULL
しないか,633,325,2887,動詞,自立,*,*,サ変・スル,未然形,NULL,しないか,NULL
しないが,633,332,3763,動詞,自立,*,*,サ変・スル,未然形,NULL,しないが,NULL
しないし,633,339,3253,動詞,自立,*,*,サ変・スル,未然形,NULL,しないし,NULL
しないぞ,633,412,3812,動詞,自立,*,*,サ変・スル,未然形,NULL,しないぞ,NULL
しないで,633,349,2796,動詞,自立,*,*,サ変・スル,未然形,NULL,しないで,NULL
しないと,633,350,2983,動詞,自立,*,*,サ変・スル,未然形,NULL,しないと,NULL
しないな,633,417,3326,動詞,自立,*,*,サ変・スル,未然形,NULL,しないな,NULL
しないの,633,419,2793,動詞,自立,*,*,サ変・スル,未然形,NULL,しないの,NULL
しないよ,633,425,3042,動詞,自立,*,*,サ変・スル,未然形,NULL,しないよ,NULL
しないわ,633,426,3736,動詞,自立,*,*,サ変・スル,未然形,NULL,しないわ,NULL
しなきゃ,633,200,2934,動詞,自立,*,*,サ変・スル,未然形,NULL,しなきゃ,NULL
しました,634,142,1505,動詞,自立,*,*,サ変・スル,連用形,NULL,しました,NULL
しますか,634,325,3097,動詞,自立,*,*,サ変・スル,連用形,NULL,しますか,NULL
しますが,634,332,3437,動詞,自立,*,*,サ変・スル,連用形,NULL,しますが,NULL
しますね,634,418,3398,動詞,自立,*,*,サ変・スル,連用形,NULL,しますね,NULL
しません,634,45,2810,動詞,自立,*,*,サ変・スル,連用形,NULL,しません,NULL
しようか,630,325,2156,動詞,自立,*,*,サ変・スル,未然ウ接続,NULL,しようか,NULL
しようと,630,389,1990,動詞,自立,*,*,サ変・スル,未然ウ接続,NULL,しようと,NULL
しようね,630,418,2302,動詞,自立,*,*,サ変・スル,未然ウ接続,NULL,しようね,NULL
じゃおう,1790,35,195,動詞,非自立,*,*,五段・ワ行促音便,未然ウ接続,NULL,じゃおう,NULL
じゃない,292,204,1260,助詞,副助詞,*,*,*,*,NULL,じゃない,NULL
じゃなく,292,212,3061,助詞,副助詞,*,*,*,*,NULL,じゃなく,NULL
じゃねぇ,137,418,2172,助動詞,*,*,*,特殊・ジャ,基本形,NULL,じゃねぇ,NULL
じゃんか,37,325,2318,助動詞,*,*,*,不変化型,基本形,NULL,じゃんか,NULL
すぎだろ,1208,145,2703,動詞,非自立,*,*,一段,連用形,NULL,すぎだろ,NULL
すぎてる,1208,1093,3302,動詞,非自立,*,*,一段,連用形,NULL,すぎてる,NULL
すぎです,1208,172,2396,動詞,非自立,*,*,一段,連用形,NULL,すぎです,NULL
すぎです,1238,172,2211,動詞,非自立,*,*,一段,連用形,NULL,過ぎです,NULL
すぎない,1168,204,1569,動詞,非自立,*,*,一段,未然形,NULL,すぎない,NULL
すぎます,1208,240,1548,動詞,非自立,*,*,一段,連用形,NULL,すぎます,NULL
すぎます,1238,240,1756,動詞,非自立,*,*,一段,連用形,NULL,過ぎます,NULL
すぎやろ,1208,266,3113,動詞,非自立,*,*,一段,連用形,NULL,すぎやろ,NULL
すぎるし,1086,339,3004,動詞,非自立,*,*,一段,基本形,NULL,すぎるし,NULL
すぎると,1086,350,2983,動詞,非自立,*,*,一段,基本形,NULL,すぎると,NULL
すぎるな,1086,417,2994,動詞,非自立,*,*,一段,基本形,NULL,すぎるな,NULL
すぎるよ,1086,425,2682,動詞,非自立,*,*,一段,基本形,NULL,すぎるよ,NULL
すぎるわ,1086,426,2755,動詞,非自立,*,*,一段,基本形,NULL,すぎるわ,NULL
すべきか,574,325,2205,動詞,自立,*,*,*,文語基本形,NULL,すべきか,NULL
すべきだ,574,165,2287,動詞,自立,*,*,*,文語基本形,NULL,すべきだ,NULL
ずじまい,219,43,6424,助動詞,*,*,*,特殊・ヌ,連用ニ接続,NULL,ずじまい,NULL
ずでした,219,142,3766,助動詞,*,*,*,特殊・ヌ,連用ニ接続,NULL,ずでした,NULL
せていた,480,142,2933,動詞,接尾,*,*,一段,連用形,NULL,せていた,NULL
せている,480,1080,2357,動詞,接尾,*,*,一段,連用形,NULL,せている,NULL
せてます,480,240,2867,動詞,接尾,*,*,一段,連用形,NULL,せてます,NULL
せてみた,480,142,3615,動詞,接尾,*,*,一段,連用形,NULL,せてみた,NULL
せました,480,142,2902,動詞,接尾,*,*,一段,連用形,NULL,せました,NULL
せません,480,45,2683,動詞,接尾,*,*,一段,連用形,NULL,せません,NULL
たいから,152,330,3680,助動詞,*,*,*,特殊・タイ,基本形,NULL,たいから,NULL
たいです,152,172,1949,助動詞,*,*,*,特殊・タイ,基本形,NULL,たいです,NULL
たいなぁ,152,418,3156,助動詞,*,*,*,特殊・タイ,基本形,NULL,たいなぁ,NULL
たいので,152,359,3585,助動詞,*,*,*,特殊・タイ,基本形,NULL,たいので,NULL
たかった,159,142,1228,助動詞,*,*,*,特殊・タイ,連用タ接続,NULL,たかった,NULL
たくない,160,204,1676,助動詞,*,*,*,特殊・タイ,連用テ接続,NULL,たくない,NULL
たですが,142,332,4290,助動詞,*,*,*,特殊・タ,基本形,NULL,たですが,NULL
たですね,142,418,3942,助動詞,*,*,*,特殊・タ,基本形,NULL,たですね,NULL
たですよ,142,425,4222,助動詞,*,*,*,特殊・タ,基本形,NULL,たですよ,NULL
たらしい,142,82,4238,助動詞,*,*,*,特殊・タ,基本形,NULL,たらしい,NULL
たらなぁ,140,418,4409,助動詞,*,*,*,特殊・タ,仮定形,NULL,たらなぁ,NULL
たりです,268,172,4149,助詞,並立助詞,*,*,*,*,NULL,たりです,NULL
たりとか,268,272,3890,助詞,並立助詞,*,*,*,*,NULL,たりとか,NULL
たりとか,268,325,4578,助詞,並立助詞,*,*,*,*,NULL,たりとか,NULL
だからね,165,418,2862,助動詞,*,*,*,特殊・ダ,基本形,NULL,だからね,NULL
だけかな,296,408,3736,助詞,副助詞,*,*,*,*,NULL,だけかな,NULL
だけです,296,172,2202,助詞,副助詞,*,*,*,*,NULL,だけです,NULL
だけでも,296,284,3164,助詞,副助詞,*,*,*,*,NULL,だけでも,NULL
だけどね,165,418,2806,助動詞,*,*,*,特殊・ダ,基本形,NULL,だけどね,NULL
だします,1454,240,1799,動詞,非自立,*,*,五段・サ行,連用形,NULL,だします,NULL
だします,1457,240,1734,動詞,非自立,*,*,五段・サ行,連用形,NULL,出します,NULL
だったが,167,332,2886,助動詞,*,*,*,特殊・ダ,連用タ接続,NULL,だったが,NULL
だったね,167,418,3121,助動詞,*,*,*,特殊・ダ,連用タ接続,NULL,だったね,NULL
だったよ,167,425,2835,助動詞,*,*,*,特殊・ダ,連用タ接続,NULL,だったよ,NULL
だったら,167,140,2754,助動詞,*,*,*,特殊・ダ,連用タ接続,NULL,だったら,NULL
だったり,167,114,2774,助動詞,*,*,*,特殊・ダ,連用タ接続,NULL,だったり,NULL
だったり,167,268,2272,助動詞,*,*,*,特殊・ダ,連用タ接続,NULL,だったり,NULL
だってさ,297,410,2166,助詞,副助詞,*,*,*,*,NULL,だってさ,NULL
だってね,297,418,2641,助詞,副助詞,*,*,*,*,NULL,だってね,NULL
だってば,297,361,2678,助詞,副助詞,*,*,*,*,NULL,だってば,NULL
だってよ,297,425,2726,助詞,副助詞,*,*,*,*,NULL,だってよ,NULL
だよなぁ,165,418,3245,助動詞,*,*,*,特殊・ダ,基本形,NULL,だよなぁ,NULL
だろうか,166,325,1375,助動詞,*,*,*,特殊・ダ,未然形,NULL,だろうか,NULL
だろうな,166,417,2461,助動詞,*,*,*,特殊・ダ,未然形,NULL,だろうな,NULL
だろうね,166,418,2559,助動詞,*,*,*,特殊・ダ,未然形,NULL,だろうね,NULL
ちまった,1814,142,810,動詞,非自立,*,*,五段・ワ行促音便,連用タ接続,NULL,ちまった,NULL
ちゃおう,1793,35,33,動詞,非自立,*,*,五段・ワ行促音便,未然ウ接続,NULL,ちゃおう,NULL
ちゃった,1815,142,1074,動詞,非自立,*,*,五段・ワ行促音便,連用タ接続,NULL,ちゃった,NULL
ちゃって,1815,348,1751,動詞,非自立,*,*,五段・ワ行促音便,連用タ接続,NULL,ちゃって,NULL
っすよね,169,418,2049,助動詞,*,*,*,特殊・デス,基本形,NULL,っすよね,NULL
っていう,392,392,2143,助詞,格助詞,連語,*,*,*,NULL,っていう,NULL
つけます,1212,240,1222,動詞,非自立,*,*,一段,連用形,NULL,つけます,NULL
つづける,1116,1116,1327,動詞,非自立,*,*,一段,基本形,NULL,続ける,NULL
つですか,32,325,3003,助動詞,*,*,*,下二・タ行,基本形,NULL,つですか,NULL
ています,348,240,1733,助詞,接続助詞,*,*,*,*,NULL,ています,NULL
てきます,348,240,3062,助詞,接続助詞,*,*,*,*,NULL,てきます,NULL
てしまう,348,1776,3377,助詞,接続助詞,*,*,*,*,NULL,てしまう,NULL
てたかな,1215,408,3773,動詞,非自立,*,*,一段,連用形,NULL,てたかな,NULL
てたかも,1215,288,4281,動詞,非自立,*,*,一段,連用形,NULL,てたかも,NULL
てたから,1215,330,3820,動詞,非自立,*,*,一段,連用形,NULL,てたから,NULL
てたけど,1215,334,3508,動詞,非自立,*,*,一段,連用形,NULL,てたけど,NULL
てたっけ,1215,414,4233,動詞,非自立,*,*,一段,連用形,NULL,てたっけ,NULL
てたなぁ,1215,418,3577,動詞,非自立,*,*,一段,連用形,NULL,てたなぁ,NULL
てたなあ,1215,418,4134,動詞,非自立,*,*,一段,連用形,NULL,てたなあ,NULL
てたので,1215,359,3159,動詞,非自立,*,*,一段,連用形,NULL,てたので,NULL
てたのに,1215,360,3793,動詞,非自立,*,*,一段,連用形,NULL,てたのに,NULL
てたのね,1215,418,5090,動詞,非自立,*,*,一段,連用形,NULL,てたのね,NULL
てたよな,1215,417,4856,動詞,非自立,*,*,一段,連用形,NULL,てたよな,NULL
てたよね,1215,418,3589,動詞,非自立,*,*,一段,連用形,NULL,てたよね,NULL
てたんで,1215,365,4798,動詞,非自立,*,*,一段,連用形,NULL,てたんで,NULL
てないか,1175,325,2417,動詞,非自立,*,*,一段,未然形,NULL,てないか,NULL
てないの,1175,419,2906,動詞,非自立,*,*,一段,未然形,NULL,てないの,NULL
てました,348,142,3113,助詞,接続助詞,*,*,*,*,NULL,てました,NULL
てみよう,348,35,3564,助詞,接続助詞,*,*,*,*,NULL,てみよう,NULL
てるかな,1093,408,3139,動詞,非自立,*,*,一段,基本形,NULL,てるかな,NULL
てるから,1093,330,2871,動詞,非自立,*,*,一段,基本形,NULL,てるから,NULL
てるけど,1093,334,2843,動詞,非自立,*,*,一段,基本形,NULL,てるけど,NULL
てるので,1093,359,3040,動詞,非自立,*,*,一段,基本形,NULL,てるので,NULL
てるのに,1093,360,3210,動詞,非自立,*,*,一段,基本形,NULL,てるのに,NULL
てるよね,1093,418,2853,動詞,非自立,*,*,一段,基本形,NULL,てるよね,NULL
てんねん,970,418,1796,動詞,非自立,*,*,一段,体言接続特殊,NULL,てんねん,NULL
であった,168,142,2311,助動詞,*,*,*,特殊・ダ,連用形,NULL,であった,NULL
であって,168,348,3805,助動詞,*,*,*,特殊・ダ,連用形,NULL,であって,NULL
であると,168,387,3813,助動詞,*,*,*,特殊・ダ,連用形,NULL,であると,NULL
であれば,168,361,3134,助動詞,*,*,*,特殊・ダ,連用形,NULL,であれば,NULL
であろう,168,35,2991,助動詞,*,*,*,特殊・ダ,連用形,NULL,であろう,NULL
でいます,349,240,1383,助詞,接続助詞,*,*,*,*,NULL,でいます,NULL
できたら,700,140,3650,動詞,自立,*,*,一段,連用形,NULL,できたら,NULL
できたり,700,268,3471,動詞,自立,*,*,一段,連用形,NULL,できたり,NULL
できない,1176,204,1631,動詞,非自立,*,*,一段,未然形,NULL,できない,NULL
できない,693,204,1119,動詞,自立,*,*,一段,未然形,NULL,できない,NULL
できます,700,240,385,動詞,自立,*,*,一段,連用形,NULL,できます,NULL
できます,1216,240,900,動詞,非自立,*,*,一段,連用形,NULL,できます,NULL
できます,349,240,3034,助詞,接続助詞,*,*,*,*,NULL,できます,NULL
できよう,686,35,277,動詞,自立,*,*,一段,未然ウ接続,NULL,できよう,NULL
できるか,679,325,2779,動詞,自立,*,*,一段,基本形,NULL,できるか,NULL
できるし,679,339,3459,動詞,自立,*,*,一段,基本形,NULL,できるし,NULL
できるぞ,679,412,3385,動詞,自立,*,*,一段,基本形,NULL,できるぞ,NULL
できるの,679,419,3001,動詞,自立,*,*,一段,基本形,NULL,できるの,NULL
できるよ,679,425,3125,動詞,自立,*,*,一段,基本形,NULL,できるよ,NULL
できれば,644,361,1668,動詞,自立,*,*,一段,仮定形,NULL,できれば,NULL
でしたぁ,192,418,4253,助動詞,*,*,*,特殊・デス,連用形,NULL,でしたぁ,NULL
でしたか,192,325,2486,助動詞,*,*,*,特殊・デス,連用形,NULL,でしたか,NULL
でしたが,192,332,2749,助動詞,*,*,*,特殊・デス,連用形,NULL,でしたが,NULL
でしたし,192,339,3667,助動詞,*,*,*,特殊・デス,連用形,NULL,でしたし,NULL
でしたっ,192,418,4325,助動詞,*,*,*,特殊・デス,連用形,NULL,でしたっ,NULL
でしたな,192,417,3205,助動詞,*,*,*,特殊・デス,連用形,NULL,でしたな,NULL
でしたね,192,418,2631,助動詞,*,*,*,特殊・デス,連用形,NULL,でしたね,NULL
でしたよ,192,425,2728,助動詞,*,*,*,特殊・デス,連用形,NULL,でしたよ,NULL
でしたら,192,140,3078,助動詞,*,*,*,特殊・デス,連用形,NULL,でしたら,NULL
でしたわ,192,426,3570,助動詞,*,*,*,特殊・デス,連用形,NULL,でしたわ,NULL
でしまう,349,1776,3198,助詞,接続助詞,*,*,*,*,NULL,でしまう,NULL
でします,192,240,4002,助動詞,*,*,*,特殊・デス,連用形,NULL,でします,NULL
でしょう,172,172,2034,助動詞,*,*,*,特殊・デス,基本形,NULL,でしょう,NULL
でしょう,183,35,965,助動詞,*,*,*,特殊・デス,未然形,NULL,でしょう,NULL
ですかね,172,418,3008,助動詞,*,*,*,特殊・デス,基本形,NULL,ですかね,NULL
ですから,172,330,3035,助動詞,*,*,*,特殊・デス,基本形,NULL,ですから,NULL
ですがね,172,418,4218,助動詞,*,*,*,特殊・デス,基本形,NULL,ですがね,NULL
ですけど,172,334,3037,助動詞,*,*,*,特殊・デス,基本形,NULL,ですけど,NULL
ですって,172,391,3954,助動詞,*,*,*,特殊・デス,基本形,NULL,ですって,NULL
ですねぇ,172,418,3612,助動詞,*,*,*,特殊・デス,基本形,NULL,ですねぇ,NULL
ですねっ,172,418,3796,助動詞,*,*,*,特殊・デス,基本形,NULL,ですねっ,NULL
ですねー,172,418,3987,助動詞,*,*,*,特殊・デス,基本形,NULL,ですねー,NULL
ですので,172,359,3459,助動詞,*,*,*,特殊・デス,基本形,NULL,ですので,NULL
ですよね,172,418,2391,助動詞,*,*,*,特殊・デス,基本形,NULL,ですよね,NULL
ではない,370,204,4100,助詞,格助詞,一般,*,*,*,NULL,ではない,NULL
でました,349,142,2776,助詞,接続助詞,*,*,*,*,NULL,でました,NULL
でもある,299,53,3898,助詞,副助詞,*,*,*,*,NULL,でもある,NULL
でもない,299,204,3456,助詞,副助詞,*,*,*,*,NULL,でもない,NULL
というか,395,325,3544,助詞,格助詞,連語,*,*,*,NULL,というか,NULL
ときます,1340,240,808,動詞,非自立,*,*,五段・カ行イ音便,連用形,NULL,ときます,NULL
とります,1681,240,1022,動詞,非自立,*,*,五段・ラ行,連用形,NULL,とります,NULL
どころか,353,353,1653,助詞,接続助詞,*,*,*,*,NULL,どころか,NULL
ないかな,204,408,3468,助動詞,*,*,*,特殊・ナイ,基本形,NULL,ないかな,NULL
ないかも,204,288,3729,助動詞,*,*,*,特殊・ナイ,基本形,NULL,ないかも,NULL
ないから,204,330,3466,助動詞,*,*,*,特殊・ナイ,基本形,NULL,ないから,NULL
ないけど,204,334,3085,助動詞,*,*,*,特殊・ナイ,基本形,NULL,ないけど,NULL
ないだろ,204,166,3991,助動詞,*,*,*,特殊・ナイ,基本形,NULL,ないだろ,NULL
ないです,83,172,1618,助動詞,*,*,*,形容詞・イ段,基本形,NULL,無いです,NULL
ないです,204,172,2651,助動詞,*,*,*,特殊・ナイ,基本形,NULL,ないです,NULL
ないでね,213,418,3039,助動詞,*,*,*,特殊・ナイ,連用デ接続,NULL,ないでね,NULL
ないので,204,359,3096,助動詞,*,*,*,特殊・ナイ,基本形,NULL,ないので,NULL
ないのに,204,360,3859,助動詞,*,*,*,特殊・ナイ,基本形,NULL,ないのに,NULL
ないよね,204,418,3578,助動詞,*,*,*,特殊・ナイ,基本形,NULL,ないよね,NULL
なかった,211,142,928,助動詞,*,*,*,特殊・ナイ,連用タ接続,NULL,なかった,NULL
ながらも,355,284,2896,助詞,接続助詞,*,*,*,*,NULL,ながらも,NULL
なきゃな,200,417,2585,助動詞,*,*,*,特殊・ナイ,仮定縮約２,NULL,なきゃな,NULL
なきゃね,200,418,2170,助動詞,*,*,*,特殊・ナイ,仮定縮約２,NULL,なきゃね,NULL
なくちゃ,212,344,3235,助動詞,*,*,*,特殊・ナイ,連用テ接続,NULL,なくちゃ,NULL
なくらい,163,289,5026,助動詞,*,*,*,特殊・ダ,体言接続,NULL,なくらい,NULL
なければ,198,361,1915,助動詞,*,*,*,特殊・ナイ,仮定形,NULL,なければ,NULL
なさーい,1715,1715,197,動詞,非自立,*,*,五段・ラ行特殊,命令ｉ,NULL,なさーい,NULL
なしです,207,172,757,助動詞,*,*,*,特殊・ナイ,文語基本形,NULL,なしです,NULL
なだけに,163,372,5572,助動詞,*,*,*,特殊・ダ,体言接続,NULL,なだけに,NULL
などです,302,172,3038,助詞,副助詞,*,*,*,*,NULL,などです,NULL
などなど,302,302,2823,助詞,副助詞,*,*,*,*,NULL,などなど,NULL
なのでね,163,418,5332,助動詞,*,*,*,特殊・ダ,体言接続,NULL,なのでね,NULL
なのにな,163,417,4646,助動詞,*,*,*,特殊・ダ,体言接続,NULL,なのにな,NULL
なのにね,163,418,4537,助動詞,*,*,*,特殊・ダ,体言接続,NULL,なのにね,NULL
なのよね,163,418,4712,助動詞,*,*,*,特殊・ダ,体言接続,NULL,なのよね,NULL
なんでね,163,418,5322,助動詞,*,*,*,特殊・ダ,体言接続,NULL,なんでね,NULL
について,397,397,544,助詞,格助詞,連語,*,*,*,NULL,について,NULL
にとって,398,398,2086,助詞,格助詞,連語,*,*,*,NULL,にとって,NULL
にはない,372,204,4124,助詞,格助詞,一般,*,*,*,NULL,にはない,NULL
のになぁ,360,418,3285,助詞,接続助詞,*,*,*,*,NULL,のになぁ,NULL
のみです,308,172,1818,助詞,副助詞,*,*,*,*,NULL,のみです,NULL
はじめた,1219,142,1478,動詞,非自立,*,*,一段,連用形,NULL,はじめた,NULL
はじめた,1227,142,1478,動詞,非自立,*,*,一段,連用形,NULL,始めた,NULL
はじめる,1097,1097,714,動詞,非自立,*,*,一段,基本形,NULL,はじめる,NULL
はじめる,1106,1106,743,動詞,非自立,*,*,一段,基本形,NULL,始める,NULL
はないの,283,419,5067,助詞,係助詞,*,*,*,*,NULL,はないの,NULL
ばいいか,361,325,4557,助詞,接続助詞,*,*,*,*,NULL,ばいいか,NULL
ばいいし,361,339,4308,助詞,接続助詞,*,*,*,*,NULL,ばいいし,NULL
ばいいな,361,417,4702,助詞,接続助詞,*,*,*,*,NULL,ばいいな,NULL
ばいいの,361,419,3768,助詞,接続助詞,*,*,*,*,NULL,ばいいの,NULL
ばいいよ,361,425,3754,助詞,接続助詞,*,*,*,*,NULL,ばいいよ,NULL
ばかりだ,310,165,2550,助詞,副助詞,*,*,*,*,NULL,ばかりだ,NULL
ばかりで,310,168,2472,助詞,副助詞,*,*,*,*,NULL,ばかりで,NULL
ばっかり,312,312,1181,助詞,副助詞,*,*,*,*,NULL,ばっかり,NULL
べからず,122,219,539,助動詞,*,*,*,文語・ベシ,未然形,NULL,べからず,NULL
べきです,119,172,1897,助動詞,*,*,*,文語・ベシ,体言接続,NULL,べきです,NULL
べきでは,119,283,3823,助動詞,*,*,*,文語・ベシ,体言接続,NULL,べきでは,NULL
ほどです,313,172,2355,助詞,副助詞,*,*,*,*,NULL,ほどです,NULL
ましたか,260,325,2360,助動詞,*,*,*,特殊・マス,連用形,NULL,ましたか,NULL
ましたが,260,332,3047,助動詞,*,*,*,特殊・マス,連用形,NULL,ましたが,NULL
ましたと,260,387,3472,助動詞,*,*,*,特殊・マス,連用形,NULL,ましたと,NULL
ましたな,260,417,3494,助動詞,*,*,*,特殊・マス,連用形,NULL,ましたな,NULL
ましたね,260,418,2954,助動詞,*,*,*,特殊・マス,連用形,NULL,ましたね,NULL
ましたよ,260,425,3024,助動詞,*,*,*,特殊・マス,連用形,NULL,ましたよ,NULL
ましたら,260,140,3448,助動詞,*,*,*,特殊・マス,連用形,NULL,ましたら,NULL
ましたわ,260,426,3871,助動詞,*,*,*,特殊・マス,連用形,NULL,ましたわ,NULL
ましょう,240,240,2355,助動詞,*,*,*,特殊・マス,基本形,NULL,ましょう,NULL
ましょう,246,35,641,助動詞,*,*,*,特殊・マス,未然ウ接続,NULL,ましょう,NULL
ましょー,246,46,2085,助動詞,*,*,*,特殊・マス,未然ウ接続,NULL,ましょー,NULL
ますかね,240,418,4211,助動詞,*,*,*,特殊・マス,基本形,NULL,ますかね,NULL
ますから,240,330,3847,助動詞,*,*,*,特殊・マス,基本形,NULL,ますから,NULL
ますがね,240,418,4819,助動詞,*,*,*,特殊・マス,基本形,NULL,ますがね,NULL
ますけど,240,334,4086,助動詞,*,*,*,特殊・マス,基本形,NULL,ますけど,NULL
ますしね,240,418,4661,助動詞,*,*,*,特殊・マス,基本形,NULL,ますしね,NULL
ますねぇ,240,418,4652,助動詞,*,*,*,特殊・マス,基本形,NULL,ますねぇ,NULL
ますので,240,359,3225,助動詞,*,*,*,特殊・マス,基本形,NULL,ますので,NULL
ますよね,240,418,2960,助動詞,*,*,*,特殊・マス,基本形,NULL,ますよね,NULL
ませんか,252,325,1770,助動詞,*,*,*,特殊・マス,未然形,NULL,ませんか,NULL
ませんが,252,332,2085,助動詞,*,*,*,特殊・マス,未然形,NULL,ませんが,NULL
ませんし,252,339,3377,助動詞,*,*,*,特殊・マス,未然形,NULL,ませんし,NULL
ませんで,252,416,4211,助動詞,*,*,*,特殊・マス,未然形,NULL,ませんで,NULL
ませんな,252,417,3207,助動詞,*,*,*,特殊・マス,未然形,NULL,ませんな,NULL
ませんね,252,418,2056,助動詞,*,*,*,特殊・マス,未然形,NULL,ませんね,NULL
ませんよ,252,425,2623,助動詞,*,*,*,特殊・マス,未然形,NULL,ませんよ,NULL
ませんわ,252,426,3439,助動詞,*,*,*,特殊・マス,未然形,NULL,ませんわ,NULL
ませーん,253,45,392,助動詞,*,*,*,特殊・マス,未然形,NULL,ませーん,NULL
までです,314,172,2894,助詞,副助詞,*,*,*,*,NULL,までです,NULL
もほしい,284,2573,4820,助詞,係助詞,*,*,*,*,NULL,も欲しい,NULL
やいかに,286,286,67,助詞,係助詞,*,*,*,*,NULL,やいかに,NULL
やがった,1668,142,987,動詞,非自立,*,*,五段・ラ行,連用タ接続,NULL,やがった,NULL
やがって,1668,348,921,動詞,非自立,*,*,五段・ラ行,連用タ接続,NULL,やがって,NULL
やけどね,265,418,2967,助動詞,*,*,*,特殊・ヤ,基本形,NULL,やけどね,NULL
やしない,264,204,1549,助動詞,*,*,*,特殊・マス,連用形,NULL,やしない,NULL
やろなぁ,266,418,1890,助動詞,*,*,*,特殊・ヤ,未然形,NULL,やろなぁ,NULL
やろなあ,266,418,2104,助動詞,*,*,*,特殊・ヤ,未然形,NULL,やろなあ,NULL
らしいよ,82,425,2617,助動詞,*,*,*,形容詞・イ段,基本形,NULL,らしいよ,NULL
らしくて,94,348,2600,助動詞,*,*,*,形容詞・イ段,連用テ接続,NULL,らしくて,NULL
られたり,481,268,3280,動詞,接尾,*,*,一段,連用形,NULL,られたり,NULL
られない,475,204,1050,動詞,接尾,*,*,一段,未然形,NULL,られない,NULL
られます,481,240,992,動詞,接尾,*,*,一段,連用形,NULL,られます,NULL
られるか,463,325,2787,動詞,接尾,*,*,一段,基本形,NULL,られるか,NULL
られるの,463,419,3252,動詞,接尾,*,*,一段,基本形,NULL,られるの,NULL
られるよ,463,425,3365,動詞,接尾,*,*,一段,基本形,NULL,られるよ,NULL
りました,129,142,2819,助動詞,*,*,*,文語・リ,基本形,NULL,りました,NULL
りません,129,45,2954,助動詞,*,*,*,文語・リ,基本形,NULL,りません,NULL
れたので,482,359,3638,動詞,接尾,*,*,一段,連用形,NULL,れたので,NULL
れていた,482,142,3325,動詞,接尾,*,*,一段,連用形,NULL,れていた,NULL
れている,482,1080,2811,動詞,接尾,*,*,一段,連用形,NULL,れている,NULL
れてます,482,240,3292,動詞,接尾,*,*,一段,連用形,NULL,れてます,NULL
れました,482,142,1859,動詞,接尾,*,*,一段,連用形,NULL,れました,NULL
れますか,482,325,3389,動詞,接尾,*,*,一段,連用形,NULL,れますか,NULL
れますね,482,418,3605,動詞,接尾,*,*,一段,連用形,NULL,れますね,NULL
れません,482,45,3099,動詞,接尾,*,*,一段,連用形,NULL,れません,NULL
れようと,470,389,1593,動詞,接尾,*,*,一段,未然ウ接続,NULL,れようと,NULL
んだって,45,413,4546,助動詞,*,*,*,不変化型,基本形,NULL,んだって,NULL
んでした,45,142,4568,助動詞,*,*,*,不変化型,基本形,NULL,んでした,NULL
んでしょ,45,183,4656,助動詞,*,*,*,不変化型,基本形,NULL,んでしょ,NULL
ありません,1675,45,1801,動詞,非自立,*,*,五段・ラ行,連用形,NULL,ありません,NULL
いけません,1201,45,2540,動詞,非自立,*,*,一段,連用形,NULL,いけません,NULL
いたします,1453,240,145,動詞,非自立,*,*,五段・サ行,連用形,NULL,いたします,NULL
いたします,1460,240,147,動詞,非自立,*,*,五段・サ行,連用形,NULL,致します,NULL
いませんか,1202,325,4257,動詞,非自立,*,*,一段,連用形,NULL,いませんか,NULL
かねません,1206,45,1282,動詞,非自立,*,*,一段,連用形,NULL,かねません,NULL
からである,330,53,3786,助詞,接続助詞,*,*,*,*,NULL,からである,NULL
からですね,330,418,3749,助詞,接続助詞,*,*,*,*,NULL,からですね,NULL
きりました,1691,142,1139,動詞,非自立,*,*,五段・ラ行,連用形,NULL,切りました,NULL
きれません,1207,45,871,動詞,非自立,*,*,一段,連用形,NULL,きれません,NULL
きれません,1225,45,729,動詞,非自立,*,*,一段,連用形,NULL,切れません,NULL
くださいね,1712,418,2694,動詞,非自立,*,*,五段・ラ行特殊,命令ｉ,NULL,くださいね,NULL
くださいね,1720,418,2479,動詞,非自立,*,*,五段・ラ行特殊,命令ｉ,NULL,下さいね,NULL
くらいかな,289,408,2599,助詞,副助詞,*,*,*,*,NULL,くらいかな,NULL
くらいから,289,330,3556,助詞,副助詞,*,*,*,*,NULL,くらいから,NULL
くらいしか,289,279,3585,助詞,副助詞,*,*,*,*,NULL,くらいしか,NULL
くらいです,289,172,2000,助詞,副助詞,*,*,*,*,NULL,くらいです,NULL
くらいなら,289,162,3633,助詞,副助詞,*,*,*,*,NULL,くらいなら,NULL
くらいまで,289,314,3463,助詞,副助詞,*,*,*,*,NULL,くらいまで,NULL
ぐらいかな,290,408,2553,助詞,副助詞,*,*,*,*,NULL,ぐらいかな,NULL
ぐらいです,290,172,1996,助詞,副助詞,*,*,*,*,NULL,ぐらいです,NULL
ございます,68,240,2616,助動詞,*,*,*,五段・ラ行特殊,連用形,NULL,御座います,NULL
ございます,68,240,504,助動詞,*,*,*,五段・ラ行特殊,連用形,NULL,ございます,NULL
させている,632,1080,2834,動詞,自立,*,*,サ変・スル,未然レル接続,NULL,させている,NULL
させません,478,45,2131,動詞,接尾,*,*,一段,連用形,NULL,させません,NULL
させられた,472,142,1829,動詞,接尾,*,*,一段,未然形,NULL,させられた,NULL
させられる,472,463,1724,動詞,接尾,*,*,一段,未然形,NULL,させられる,NULL
されている,632,1080,2603,動詞,自立,*,*,サ変・スル,未然レル接続,NULL,されている,NULL
されました,632,142,1720,動詞,自立,*,*,サ変・スル,未然レル接続,NULL,されました,NULL
されません,632,45,2454,動詞,自立,*,*,サ変・スル,未然レル接続,NULL,されません,NULL
しています,634,240,1696,動詞,自立,*,*,サ変・スル,連用形,NULL,しています,NULL
してきます,634,240,3377,動詞,自立,*,*,サ変・スル,連用形,NULL,してきます,NULL
してました,634,142,3276,動詞,自立,*,*,サ変・スル,連用形,NULL,してました,NULL
しないかな,633,408,2910,動詞,自立,*,*,サ変・スル,未然形,NULL,しないかな,NULL
しないから,633,330,3269,動詞,自立,*,*,サ変・スル,未然形,NULL,しないから,NULL
しないけど,633,334,2999,動詞,自立,*,*,サ変・スル,未然形,NULL,しないけど,NULL
しないです,633,172,2466,動詞,自立,*,*,サ変・スル,未然形,NULL,しないです,NULL
しないので,633,359,2992,動詞,自立,*,*,サ変・スル,未然形,NULL,しないので,NULL
しないよね,633,418,3419,動詞,自立,*,*,サ変・スル,未然形,NULL,しないよね,NULL
しなかった,633,142,2313,動詞,自立,*,*,サ変・スル,未然形,NULL,しなかった,NULL
しなければ,633,361,2846,動詞,自立,*,*,サ変・スル,未然形,NULL,しなければ,NULL
しましょう,634,240,2713,動詞,自立,*,*,サ変・スル,連用形,NULL,しましょう,NULL
しようかな,630,408,2340,動詞,自立,*,*,サ変・スル,未然ウ接続,NULL,しようかな,NULL
じゃいます,340,240,1936,助詞,接続助詞,*,*,*,*,NULL,じゃいます,NULL
じゃないか,292,325,2536,助詞,副助詞,*,*,*,*,NULL,じゃないか,NULL
じゃないし,292,339,2971,助詞,副助詞,*,*,*,*,NULL,じゃないし,NULL
じゃないと,292,350,2968,助詞,副助詞,*,*,*,*,NULL,じゃないと,NULL
じゃないな,292,417,3410,助詞,副助詞,*,*,*,*,NULL,じゃないな,NULL
じゃないの,292,419,2829,助詞,副助詞,*,*,*,*,NULL,じゃないの,NULL
じゃないよ,292,425,3070,助詞,副助詞,*,*,*,*,NULL,じゃないよ,NULL
じゃなくて,292,348,2989,助詞,副助詞,*,*,*,*,NULL,じゃなくて,NULL
すぎている,1208,1080,2432,動詞,非自立,*,*,一段,連用形,NULL,すぎている,NULL
すぎでしょ,1208,183,3287,動詞,非自立,*,*,一段,連用形,NULL,すぎでしょ,NULL
すぎないか,1168,325,2280,動詞,非自立,*,*,一段,未然形,NULL,すぎないか,NULL
すぎました,1208,142,2292,動詞,非自立,*,*,一段,連用形,NULL,すぎました,NULL
すぎません,1208,45,3114,動詞,非自立,*,*,一段,連用形,NULL,すぎません,NULL
すぎるかな,1086,408,3120,動詞,非自立,*,*,一段,基本形,NULL,すぎるかな,NULL
すぎるから,1086,330,3082,動詞,非自立,*,*,一段,基本形,NULL,すぎるから,NULL
すぎるだろ,1086,166,2818,動詞,非自立,*,*,一段,基本形,NULL,すぎるだろ,NULL
すぎるので,1086,359,2933,動詞,非自立,*,*,一段,基本形,NULL,すぎるので,NULL
すぎるやろ,1086,266,3058,動詞,非自立,*,*,一段,基本形,NULL,すぎるやろ,NULL
すべきです,574,172,1773,動詞,自立,*,*,*,文語基本形,NULL,すべきです,NULL
すればいい,623,2467,2588,動詞,自立,*,*,サ変・スル,仮定形,NULL,すればいい,NULL
すればよい,623,2521,3272,動詞,自立,*,*,サ変・スル,仮定形,NULL,すればよい,NULL
せください,480,1712,2283,動詞,接尾,*,*,一段,連用形,NULL,せください,NULL
せください,480,1720,3159,動詞,接尾,*,*,一段,連用形,NULL,せ下さい,NULL
せています,480,240,1990,動詞,接尾,*,*,一段,連用形,NULL,せています,NULL
せてくれる,480,1245,3804,動詞,接尾,*,*,一段,連用形,NULL,せてくれる,NULL
せましょう,480,240,3659,動詞,接尾,*,*,一段,連用形,NULL,せましょう,NULL
せられます,474,240,2930,動詞,接尾,*,*,一段,未然形,NULL,せられます,NULL
たいですか,152,325,3495,助動詞,*,*,*,特殊・タイ,基本形,NULL,たいですか,NULL
たいですが,152,332,3331,助動詞,*,*,*,特殊・タイ,基本形,NULL,たいですが,NULL
たいですね,152,418,3144,助動詞,*,*,*,特殊・タイ,基本形,NULL,たいですね,NULL
たかったな,159,417,3408,助動詞,*,*,*,特殊・タイ,連用タ接続,NULL,たかったな,NULL
たかったよ,159,425,2821,助動詞,*,*,*,特殊・タイ,連用タ接続,NULL,たかったよ,NULL
たからです,142,172,4360,助動詞,*,*,*,特殊・タ,基本形,NULL,たからです,NULL
たがります,146,240,1463,助動詞,*,*,*,特殊・タイ,ガル接続,NULL,たがります,NULL
だからです,165,172,2724,助動詞,*,*,*,特殊・ダ,基本形,NULL,だからです,NULL
だけだった,296,142,3509,助詞,副助詞,*,*,*,*,NULL,だけだった,NULL
だけである,296,53,1998,助詞,副助詞,*,*,*,*,NULL,だけである,NULL
だけでした,296,142,3112,助詞,副助詞,*,*,*,*,NULL,だけでした,NULL
だけですか,296,325,3560,助詞,副助詞,*,*,*,*,NULL,だけですか,NULL
だけですが,296,332,3607,助詞,副助詞,*,*,*,*,NULL,だけですが,NULL
だけですね,296,418,3408,助詞,副助詞,*,*,*,*,NULL,だけですね,NULL
だけですよ,296,425,3836,助詞,副助詞,*,*,*,*,NULL,だけですよ,NULL
だしました,1454,142,1562,動詞,非自立,*,*,五段・サ行,連用形,NULL,だしました,NULL
だしました,1457,142,1362,動詞,非自立,*,*,五段・サ行,連用形,NULL,出しました,NULL
だったので,167,359,2928,助動詞,*,*,*,特殊・ダ,連用タ接続,NULL,だったので,NULL
ちゃいます,344,240,1185,助詞,接続助詞,*,*,*,*,NULL,ちゃいます,NULL
ちゃったり,1815,268,2260,動詞,非自立,*,*,五段・ワ行促音便,連用タ接続,NULL,ちゃったり,NULL
っていうか,392,325,2272,助詞,格助詞,連語,*,*,*,NULL,っていうか,NULL
っぽくない,2348,204,2128,形容詞,接尾,*,*,形容詞・アウオ段,連用テ接続,NULL,っぽくない,NULL
ていきます,348,240,3118,助詞,接続助詞,*,*,*,*,NULL,ていきます,NULL
ていました,348,142,2652,助詞,接続助詞,*,*,*,*,NULL,ていました,NULL
ていますか,348,325,3457,助詞,接続助詞,*,*,*,*,NULL,ていますか,NULL
ていません,348,45,3416,助詞,接続助詞,*,*,*,*,NULL,ていません,NULL
ております,348,240,2560,助詞,接続助詞,*,*,*,*,NULL,ております,NULL
てきました,348,142,2738,助詞,接続助詞,*,*,*,*,NULL,てきました,NULL
てください,348,1712,2212,助詞,接続助詞,*,*,*,*,NULL,てください,NULL
てください,348,1720,2942,助詞,接続助詞,*,*,*,*,NULL,て下さい,NULL
てくれます,348,240,3429,助詞,接続助詞,*,*,*,*,NULL,てくれます,NULL
てしまった,348,142,3400,助詞,接続助詞,*,*,*,*,NULL,てしまった,NULL
てたからね,1215,418,4596,動詞,非自立,*,*,一段,連用形,NULL,てたからね,NULL
てたらしい,1215,82,3966,動詞,非自立,*,*,一段,連用形,NULL,てたらしい,NULL
てないかな,1175,408,2890,動詞,非自立,*,*,一段,未然形,NULL,てないかな,NULL
てないです,1175,172,2195,動詞,非自立,*,*,一段,未然形,NULL,てないです,NULL
てないので,1175,359,2971,動詞,非自立,*,*,一段,未然形,NULL,てないので,NULL
てなかった,1175,142,2131,動詞,非自立,*,*,一段,未然形,NULL,てなかった,NULL
てみました,348,142,2969,助詞,接続助詞,*,*,*,*,NULL,てみました,NULL
てんじゃん,970,37,1726,動詞,非自立,*,*,一段,体言接続特殊,NULL,てんじゃん,NULL
であります,168,240,2666,助動詞,*,*,*,特殊・ダ,連用形,NULL,であります,NULL
であろうか,168,325,3505,助動詞,*,*,*,特殊・ダ,連用形,NULL,であろうか,NULL
でいきます,349,240,2678,助詞,接続助詞,*,*,*,*,NULL,でいきます,NULL
でいました,349,142,2385,助詞,接続助詞,*,*,*,*,NULL,でいました,NULL
でいますか,349,325,3226,助詞,接続助詞,*,*,*,*,NULL,でいますか,NULL
でいません,349,45,3163,助詞,接続助詞,*,*,*,*,NULL,でいません,NULL
でおります,349,240,2506,助詞,接続助詞,*,*,*,*,NULL,でおります,NULL
できちゃう,700,1781,3510,動詞,自立,*,*,一段,連用形,NULL,できちゃう,NULL
できている,700,1080,3343,動詞,自立,*,*,一段,連用形,NULL,できている,NULL
できてます,700,240,3718,動詞,自立,*,*,一段,連用形,NULL,できてます,NULL
できないか,693,325,2649,動詞,自立,*,*,一段,未然形,NULL,できないか,NULL
できないと,693,350,2809,動詞,自立,*,*,一段,未然形,NULL,できないと,NULL
できないの,693,419,2752,動詞,自立,*,*,一段,未然形,NULL,できないの,NULL
できないよ,693,425,2931,動詞,自立,*,*,一段,未然形,NULL,できないよ,NULL
できなくて,693,348,3056,動詞,自立,*,*,一段,未然形,NULL,できなくて,NULL
できました,700,142,1394,動詞,自立,*,*,一段,連用形,NULL,できました,NULL
できました,349,142,2601,助詞,接続助詞,*,*,*,*,NULL,できました,NULL
できますか,700,325,2253,動詞,自立,*,*,一段,連用形,NULL,できますか,NULL
できますが,700,332,2820,動詞,自立,*,*,一段,連用形,NULL,できますが,NULL
できますね,700,418,2502,動詞,自立,*,*,一段,連用形,NULL,できますね,NULL
できますよ,700,425,2527,動詞,自立,*,*,一段,連用形,NULL,できますよ,NULL
できません,700,45,1164,動詞,自立,*,*,一段,連用形,NULL,できません,NULL
できません,1216,45,398,動詞,非自立,*,*,一段,連用形,NULL,できません,NULL
できるかな,679,408,3197,動詞,自立,*,*,一段,基本形,NULL,できるかな,NULL
できるかも,679,288,3149,動詞,自立,*,*,一段,基本形,NULL,できるかも,NULL
できるので,679,359,3008,動詞,自立,*,*,一段,基本形,NULL,できるので,NULL
でください,349,1712,1864,助詞,接続助詞,*,*,*,*,NULL,でください,NULL
でください,349,1720,2770,助詞,接続助詞,*,*,*,*,NULL,で下さい,NULL
でくれます,349,240,2978,助詞,接続助詞,*,*,*,*,NULL,でくれます,NULL
でしたから,192,330,3217,助動詞,*,*,*,特殊・デス,連用形,NULL,でしたから,NULL
でしたけど,192,334,3089,助動詞,*,*,*,特殊・デス,連用形,NULL,でしたけど,NULL
でしたっけ,192,414,3902,助動詞,*,*,*,特殊・デス,連用形,NULL,でしたっけ,NULL
でしたねぇ,192,418,4574,助動詞,*,*,*,特殊・デス,連用形,NULL,でしたねぇ,NULL
でしたので,192,359,2899,助動詞,*,*,*,特殊・デス,連用形,NULL,でしたので,NULL
でしたよね,192,418,3233,助動詞,*,*,*,特殊・デス,連用形,NULL,でしたよね,NULL
でしました,192,142,4180,助動詞,*,*,*,特殊・デス,連用形,NULL,でしました,NULL
でしまった,349,142,3256,助詞,接続助詞,*,*,*,*,NULL,でしまった,NULL
でしょうか,172,325,1783,助動詞,*,*,*,特殊・デス,基本形,NULL,でしょうか,NULL
でしょうか,183,325,1494,助動詞,*,*,*,特殊・デス,未然形,NULL,でしょうか,NULL
でしょうが,172,332,3925,助動詞,*,*,*,特殊・デス,基本形,NULL,でしょうが,NULL
でしょうね,172,418,2898,助動詞,*,*,*,特殊・デス,基本形,NULL,でしょうね,NULL
でしょうね,183,418,2320,助動詞,*,*,*,特殊・デス,未然形,NULL,でしょうね,NULL
ですかねぇ,172,418,4055,助動詞,*,*,*,特殊・デス,基本形,NULL,ですかねぇ,NULL
ですからね,172,418,3921,助動詞,*,*,*,特殊・デス,基本形,NULL,ですからね,NULL
ですけどね,172,418,3779,助動詞,*,*,*,特殊・デス,基本形,NULL,ですけどね,NULL
でみました,349,142,2712,助詞,接続助詞,*,*,*,*,NULL,でみました,NULL
ときました,1340,142,1310,動詞,非自立,*,*,五段・カ行イ音便,連用形,NULL,ときました,NULL
ないけどね,204,418,3871,助動詞,*,*,*,特殊・ナイ,基本形,NULL,ないけどね,NULL
ないだろう,204,35,3564,助動詞,*,*,*,特殊・ナイ,基本形,NULL,ないだろう,NULL
ないでいる,213,1080,2147,助動詞,*,*,*,特殊・ナイ,連用デ接続,NULL,ないでいる,NULL
ないでくれ,213,1249,2691,助動詞,*,*,*,特殊・ナイ,連用デ接続,NULL,ないでくれ,NULL
ないでしょ,204,183,3851,助動詞,*,*,*,特殊・ナイ,基本形,NULL,ないでしょ,NULL
ないですが,204,332,3580,助動詞,*,*,*,特殊・ナイ,基本形,NULL,ないですが,NULL
ないですね,204,418,3232,助動詞,*,*,*,特殊・ナイ,基本形,NULL,ないですね,NULL
ないですよ,204,425,4015,助動詞,*,*,*,特殊・ナイ,基本形,NULL,ないですよ,NULL
なかったか,211,325,3214,助動詞,*,*,*,特殊・ナイ,連用タ接続,NULL,なかったか,NULL
なかったが,211,332,3119,助動詞,*,*,*,特殊・ナイ,連用タ接続,NULL,なかったが,NULL
なかったな,211,417,3495,助動詞,*,*,*,特殊・ナイ,連用タ接続,NULL,なかったな,NULL
なかったね,211,418,3543,助動詞,*,*,*,特殊・ナイ,連用タ接続,NULL,なかったね,NULL
なかったよ,211,425,2914,助動詞,*,*,*,特殊・ナイ,連用タ接続,NULL,なかったよ,NULL
なかったら,211,140,3244,助動詞,*,*,*,特殊・ナイ,連用タ接続,NULL,なかったら,NULL
なかったり,211,268,2571,助動詞,*,*,*,特殊・ナイ,連用タ接続,NULL,なかったり,NULL
なくっちゃ,212,344,3805,助動詞,*,*,*,特殊・ナイ,連用テ接続,NULL,なくっちゃ,NULL
なしですね,207,418,2066,助動詞,*,*,*,特殊・ナイ,文語基本形,NULL,なしですね,NULL
なだけです,163,172,4639,助動詞,*,*,*,特殊・ダ,体言接続,NULL,なだけです,NULL
にくかった,2548,142,559,形容詞,非自立,*,*,形容詞・アウオ段,連用タ接続,NULL,にくかった,NULL
については,397,283,2817,助詞,格助詞,連語,*,*,*,NULL,については,NULL
にとっては,398,283,2234,助詞,格助詞,連語,*,*,*,NULL,にとっては,NULL
ねがいます,1831,240,531,動詞,非自立,*,*,五段・ワ行促音便,連用形,NULL,願います,NULL
はじめます,1219,240,1579,動詞,非自立,*,*,一段,連用形,NULL,はじめます,NULL
はないです,283,172,5119,助詞,係助詞,*,*,*,*,NULL,はないです,NULL
ばいいかな,361,408,4591,助詞,接続助詞,*,*,*,*,NULL,ばいいかな,NULL
ばいいだけ,361,296,5087,助詞,接続助詞,*,*,*,*,NULL,ばいいだけ,NULL
ばいいです,361,172,3907,助詞,接続助詞,*,*,*,*,NULL,ばいいです,NULL
ばいいのに,361,360,3964,助詞,接続助詞,*,*,*,*,NULL,ばいいのに,NULL
ばかりです,310,172,1481,助詞,副助詞,*,*,*,*,NULL,ばかりです,NULL
ばならない,361,204,4288,助詞,接続助詞,*,*,*,*,NULL,ばならない,NULL
ばよかった,361,142,3725,助詞,接続助詞,*,*,*,*,NULL,ばよかった,NULL
べきだった,119,142,3139,助動詞,*,*,*,文語・ベシ,体言接続,NULL,べきだった,NULL
べきだろう,119,35,2923,助動詞,*,*,*,文語・ベシ,体言接続,NULL,べきだろう,NULL
べきである,119,53,2682,助動詞,*,*,*,文語・ベシ,体言接続,NULL,べきである,NULL
べきでした,119,142,3118,助動詞,*,*,*,文語・ベシ,体言接続,NULL,べきでした,NULL
べきですか,119,325,3210,助動詞,*,*,*,文語・ベシ,体言接続,NULL,べきですか,NULL
べきですね,119,418,3036,助動詞,*,*,*,文語・ベシ,体言接続,NULL,べきですね,NULL
ほどでした,313,142,2950,助詞,副助詞,*,*,*,*,NULL,ほどでした,NULL
ましたから,260,330,3552,助動詞,*,*,*,特殊・マス,連用形,NULL,ましたから,NULL
ましたけど,260,334,3355,助動詞,*,*,*,特殊・マス,連用形,NULL,ましたけど,NULL
ましたので,260,359,3226,助動詞,*,*,*,特殊・マス,連用形,NULL,ましたので,NULL
ましたよね,260,418,3513,助動詞,*,*,*,特殊・マス,連用形,NULL,ましたよね,NULL
ましょうか,240,325,4253,助動詞,*,*,*,特殊・マス,基本形,NULL,ましょうか,NULL
ましょうか,246,325,1670,助動詞,*,*,*,特殊・マス,未然ウ接続,NULL,ましょうか,NULL
ましょうね,240,418,4260,助動詞,*,*,*,特殊・マス,基本形,NULL,ましょうね,NULL
ますからね,240,418,4640,助動詞,*,*,*,特殊・マス,基本形,NULL,ますからね,NULL
ませんかね,252,418,4037,助動詞,*,*,*,特殊・マス,未然形,NULL,ませんかね,NULL
ませんから,252,330,3404,助動詞,*,*,*,特殊・マス,未然形,NULL,ませんから,NULL
ませんけど,252,334,3396,助動詞,*,*,*,特殊・マス,未然形,NULL,ませんけど,NULL
ませんねぇ,252,418,4177,助動詞,*,*,*,特殊・マス,未然形,NULL,ませんねぇ,NULL
ませんので,252,359,3245,助動詞,*,*,*,特殊・マス,未然形,NULL,ませんので,NULL
ませんよね,252,418,3033,助動詞,*,*,*,特殊・マス,未然形,NULL,ませんよね,NULL
まででした,314,142,4322,助詞,副助詞,*,*,*,*,NULL,まででした,NULL
までですか,314,325,4065,助詞,副助詞,*,*,*,*,NULL,までですか,NULL
までですが,314,332,4365,助詞,副助詞,*,*,*,*,NULL,までですが,NULL
もいいです,284,172,4680,助詞,係助詞,*,*,*,*,NULL,もいいです,NULL
ものがかり,376,569,2623,助詞,格助詞,一般,*,*,*,NULL,ものがかり,NULL
ものでした,376,142,2688,助詞,格助詞,一般,*,*,*,NULL,ものでした,NULL
やすいです,2520,172,1463,形容詞,非自立,*,*,形容詞・アウオ段,基本形,NULL,やすいです,NULL
やすかった,2549,142,772,形容詞,非自立,*,*,形容詞・アウオ段,連用タ接続,NULL,やすかった,NULL
らしいけど,82,334,2985,助動詞,*,*,*,形容詞・イ段,基本形,NULL,らしいけど,NULL
らしいです,82,172,1410,助動詞,*,*,*,形容詞・イ段,基本形,NULL,らしいです,NULL
らしいので,82,359,2784,助動詞,*,*,*,形容詞・イ段,基本形,NULL,らしいので,NULL
られていた,481,142,2988,動詞,接尾,*,*,一段,連用形,NULL,られていた,NULL
られている,481,1080,2226,動詞,接尾,*,*,一段,連用形,NULL,られている,NULL
られてます,481,240,2974,動詞,接尾,*,*,一段,連用形,NULL,られてます,NULL
られました,481,142,1667,動詞,接尾,*,*,一段,連用形,NULL,られました,NULL
られますか,481,325,2813,動詞,接尾,*,*,一段,連用形,NULL,られますか,NULL
られますが,481,332,3356,動詞,接尾,*,*,一段,連用形,NULL,られますが,NULL
られますね,481,418,3109,動詞,接尾,*,*,一段,連用形,NULL,られますね,NULL
られますよ,481,425,3200,動詞,接尾,*,*,一段,連用形,NULL,られますよ,NULL
られません,481,45,1887,動詞,接尾,*,*,一段,連用形,NULL,られません,NULL
られるかな,463,408,3267,動詞,接尾,*,*,一段,基本形,NULL,られるかな,NULL
られるので,463,359,3163,動詞,接尾,*,*,一段,基本形,NULL,られるので,NULL
りませんか,129,325,3862,助動詞,*,*,*,文語・リ,基本形,NULL,りませんか,NULL
れています,482,240,2241,動詞,接尾,*,*,一段,連用形,NULL,れています,NULL
れてきます,482,240,3549,動詞,接尾,*,*,一段,連用形,NULL,れてきます,NULL
れてしまう,482,1776,3674,動詞,接尾,*,*,一段,連用形,NULL,れてしまう,NULL
れなかった,476,142,2471,動詞,接尾,*,*,一段,未然形,NULL,れなかった,NULL
れませんか,482,325,3649,動詞,接尾,*,*,一段,連用形,NULL,れませんか,NULL
いたしました,1453,142,1050,動詞,非自立,*,*,五段・サ行,連用形,NULL,いたしました,NULL
いたしました,1460,142,1205,動詞,非自立,*,*,五段・サ行,連用形,NULL,致しました,NULL
うじゃないか,35,325,6023,助動詞,*,*,*,不変化型,基本形,NULL,うじゃないか,NULL
おわりました,1695,142,1053,動詞,非自立,*,*,五段・ラ行,連用形,NULL,終わりました,NULL
からでしょう,330,172,3947,助詞,接続助詞,*,*,*,*,NULL,からでしょう,NULL
くださいませ,1747,228,1420,動詞,非自立,*,*,五段・ラ行特殊,連用形,NULL,くださいませ,NULL
くださいませ,1751,228,827,動詞,非自立,*,*,五段・ラ行特殊,連用形,NULL,下さいませ,NULL
くらいだった,289,142,3600,助詞,副助詞,*,*,*,*,NULL,くらいだった,NULL
くらいである,289,53,2597,助詞,副助詞,*,*,*,*,NULL,くらいである,NULL
くらいでした,289,142,2684,助詞,副助詞,*,*,*,*,NULL,くらいでした,NULL
くらいですか,289,325,2992,助詞,副助詞,*,*,*,*,NULL,くらいですか,NULL
くらいですが,289,332,3381,助詞,副助詞,*,*,*,*,NULL,くらいですが,NULL
くらいですね,289,418,3264,助詞,副助詞,*,*,*,*,NULL,くらいですね,NULL
ございました,68,142,2708,助動詞,*,*,*,五段・ラ行特殊,連用形,NULL,御座いました,NULL
ございました,68,142,606,助動詞,*,*,*,五段・ラ行特殊,連用形,NULL,ございました,NULL
ございますっ,68,418,2981,助動詞,*,*,*,五段・ラ行特殊,連用形,NULL,ございますっ,NULL
ございません,68,45,3727,助動詞,*,*,*,五段・ラ行特殊,連用形,NULL,御座いません,NULL
ございません,68,45,1946,助動詞,*,*,*,五段・ラ行特殊,連用形,NULL,ございません,NULL
ございまーす,68,242,3648,助動詞,*,*,*,五段・ラ行特殊,連用形,NULL,ございまーす,NULL
させています,478,240,1555,動詞,接尾,*,*,一段,連用形,NULL,させています,NULL
させています,632,240,2479,動詞,自立,*,*,サ変・スル,未然レル接続,NULL,させています,NULL
させられます,472,240,1598,動詞,接尾,*,*,一段,未然形,NULL,させられます,NULL
されています,632,240,2027,動詞,自立,*,*,サ変・スル,未然レル接続,NULL,されています,NULL
していきます,634,240,3149,動詞,自立,*,*,サ変・スル,連用形,NULL,していきます,NULL
していました,634,142,2739,動詞,自立,*,*,サ変・スル,連用形,NULL,していました,NULL
していません,634,45,3244,動詞,自立,*,*,サ変・スル,連用形,NULL,していません,NULL
しております,634,240,2442,動詞,自立,*,*,サ変・スル,連用形,NULL,しております,NULL
してきました,634,142,2947,動詞,自立,*,*,サ変・スル,連用形,NULL,してきました,NULL
してください,533,1712,1989,動詞,接尾,*,*,五段・サ行,連用形,NULL,してください,NULL
してください,533,1720,2866,動詞,接尾,*,*,五段・サ行,連用形,NULL,して下さい,NULL
してください,634,1712,2081,動詞,自立,*,*,サ変・スル,連用形,NULL,してください,NULL
してください,634,1720,2935,動詞,自立,*,*,サ変・スル,連用形,NULL,して下さい,NULL
してくれます,634,240,3442,動詞,自立,*,*,サ変・スル,連用形,NULL,してくれます,NULL
してみました,634,142,3136,動詞,自立,*,*,サ変・スル,連用形,NULL,してみました,NULL
しないだろう,633,35,3344,動詞,自立,*,*,サ変・スル,未然形,NULL,しないだろう,NULL
しないですね,633,418,3237,動詞,自立,*,*,サ変・スル,未然形,NULL,しないですね,NULL
しなかったり,633,268,3794,動詞,自立,*,*,サ変・スル,未然形,NULL,しなかったり,NULL
じゃないかな,292,408,2935,助詞,副助詞,*,*,*,*,NULL,じゃないかな,NULL
じゃないかも,292,288,3454,助詞,副助詞,*,*,*,*,NULL,じゃないかも,NULL
じゃないから,292,330,3199,助詞,副助詞,*,*,*,*,NULL,じゃないから,NULL
じゃないけど,292,334,3143,助詞,副助詞,*,*,*,*,NULL,じゃないけど,NULL
じゃないです,292,172,3087,助詞,副助詞,*,*,*,*,NULL,じゃないです,NULL
じゃないので,292,359,2795,助詞,副助詞,*,*,*,*,NULL,じゃないので,NULL
じゃないよね,292,418,3475,助詞,副助詞,*,*,*,*,NULL,じゃないよね,NULL
じゃなかった,292,142,2638,助詞,副助詞,*,*,*,*,NULL,じゃなかった,NULL
すぎるでしょ,1086,183,3157,動詞,非自立,*,*,一段,基本形,NULL,すぎるでしょ,NULL
すべきだろう,574,35,2923,動詞,自立,*,*,*,文語基本形,NULL,すべきだろう,NULL
すべきである,574,53,2529,動詞,自立,*,*,*,文語基本形,NULL,すべきである,NULL
すべきですか,574,325,3297,動詞,自立,*,*,*,文語基本形,NULL,すべきですか,NULL
せていきます,480,240,3722,動詞,接尾,*,*,一段,連用形,NULL,せていきます,NULL
せていました,480,142,2760,動詞,接尾,*,*,一段,連用形,NULL,せていました,NULL
せてください,480,1712,2514,動詞,接尾,*,*,一段,連用形,NULL,せてください,NULL
せてください,480,1720,3402,動詞,接尾,*,*,一段,連用形,NULL,せて下さい,NULL
せてくれます,480,240,3456,動詞,接尾,*,*,一段,連用形,NULL,せてくれます,NULL
せてみました,480,142,3348,動詞,接尾,*,*,一段,連用形,NULL,せてみました,NULL
たかったから,159,330,3402,助動詞,*,*,*,特殊・タイ,連用タ接続,NULL,たかったから,NULL
たかったけど,159,334,3457,助動詞,*,*,*,特殊・タイ,連用タ接続,NULL,たかったけど,NULL
たかったです,159,172,2845,助動詞,*,*,*,特殊・タイ,連用タ接続,NULL,たかったです,NULL
たかったなぁ,159,418,2989,助動詞,*,*,*,特殊・タイ,連用タ接続,NULL,たかったなぁ,NULL
たかったので,159,359,2996,助動詞,*,*,*,特殊・タイ,連用タ接続,NULL,たかったので,NULL
たかったのに,159,360,3587,助動詞,*,*,*,特殊・タイ,連用タ接続,NULL,たかったのに,NULL
たくないです,160,172,2703,助動詞,*,*,*,特殊・タイ,連用テ接続,NULL,たくないです,NULL
たでしょうか,142,325,4425,助動詞,*,*,*,特殊・タ,基本形,NULL,たでしょうか,NULL
だけじゃない,296,204,2666,助詞,副助詞,*,*,*,*,NULL,だけじゃない,NULL
ちゃいけない,344,204,2702,助詞,接続助詞,*,*,*,*,NULL,ちゃいけない,NULL
ちゃいました,1827,142,889,動詞,非自立,*,*,五段・ワ行促音便,連用形,NULL,ちゃいました,NULL
ちゃいました,344,142,1776,助詞,接続助詞,*,*,*,*,NULL,ちゃいました,NULL
ちゃいますか,344,325,2664,助詞,接続助詞,*,*,*,*,NULL,ちゃいますか,NULL
ちゃいますが,344,332,2626,助詞,接続助詞,*,*,*,*,NULL,ちゃいますが,NULL
ちゃいますね,344,418,3003,助詞,接続助詞,*,*,*,*,NULL,ちゃいますね,NULL
ちゃいますよ,344,425,3308,助詞,接続助詞,*,*,*,*,NULL,ちゃいますよ,NULL
ておりません,348,45,3453,助詞,接続助詞,*,*,*,*,NULL,ておりません,NULL
てくれました,348,142,3474,助詞,接続助詞,*,*,*,*,NULL,てくれました,NULL
てしまいます,348,240,2965,助詞,接続助詞,*,*,*,*,NULL,てしまいます,NULL
ててよかった,1215,142,4866,動詞,非自立,*,*,一段,連用形,NULL,ててよかった,NULL
でありました,168,142,3380,助動詞,*,*,*,特殊・ダ,連用形,NULL,でありました,NULL
でありません,168,45,3525,助動詞,*,*,*,特殊・ダ,連用形,NULL,でありません,NULL
できかねます,700,240,3270,動詞,自立,*,*,一段,連用形,NULL,できかねます,NULL
できています,700,240,2704,動詞,自立,*,*,一段,連用形,NULL,できています,NULL
できないかな,693,408,2980,動詞,自立,*,*,一段,未然形,NULL,できないかな,NULL
できないけど,693,334,2918,動詞,自立,*,*,一段,未然形,NULL,できないけど,NULL
できないです,693,172,2329,動詞,自立,*,*,一段,未然形,NULL,できないです,NULL
できないので,693,359,2827,動詞,自立,*,*,一段,未然形,NULL,できないので,NULL
できなかった,693,142,2044,動詞,自立,*,*,一段,未然形,NULL,できなかった,NULL
できましたか,700,325,3588,動詞,自立,*,*,一段,連用形,NULL,できましたか,NULL
できますので,700,359,3150,動詞,自立,*,*,一段,連用形,NULL,できますので,NULL
できますよね,700,418,3035,動詞,自立,*,*,一段,連用形,NULL,できますよね,NULL
できませんか,700,325,2353,動詞,自立,*,*,一段,連用形,NULL,できませんか,NULL
できませんが,700,332,2883,動詞,自立,*,*,一段,連用形,NULL,できませんが,NULL
できませんね,700,418,3004,動詞,自立,*,*,一段,連用形,NULL,できませんね,NULL
できませんよ,700,425,3685,動詞,自立,*,*,一段,連用形,NULL,できませんよ,NULL
できるだろう,679,35,3400,動詞,自立,*,*,一段,基本形,NULL,できるだろう,NULL
でくれました,349,142,3127,助詞,接続助詞,*,*,*,*,NULL,でくれました,NULL
でございます,168,240,2706,助動詞,*,*,*,特殊・ダ,連用形,NULL,でございます,NULL
でしたからね,192,418,4157,助動詞,*,*,*,特殊・デス,連用形,NULL,でしたからね,NULL
でしたけどね,192,418,3988,助動詞,*,*,*,特殊・デス,連用形,NULL,でしたけどね,NULL
でしています,192,240,3732,助動詞,*,*,*,特殊・デス,連用形,NULL,でしています,NULL
でしまいます,349,240,2994,助詞,接続助詞,*,*,*,*,NULL,でしまいます,NULL
でしょうかね,172,418,3741,助動詞,*,*,*,特殊・デス,基本形,NULL,でしょうかね,NULL
ないからです,204,172,4002,助動詞,*,*,*,特殊・ナイ,基本形,NULL,ないからです,NULL
ないでいます,213,240,1610,助動詞,*,*,*,特殊・ナイ,連用デ接続,NULL,ないでいます,NULL
ないでしょう,204,172,3153,助動詞,*,*,*,特殊・ナイ,基本形,NULL,ないでしょう,NULL
なかったけど,211,334,3372,助動詞,*,*,*,特殊・ナイ,連用タ接続,NULL,なかったけど,NULL
なかったです,211,172,2859,助動詞,*,*,*,特殊・ナイ,連用タ接続,NULL,なかったです,NULL
なかったなぁ,211,418,3297,助動詞,*,*,*,特殊・ナイ,連用タ接続,NULL,なかったなぁ,NULL
なかったので,211,359,3194,助動詞,*,*,*,特殊・ナイ,連用タ接続,NULL,なかったので,NULL
なくらいです,163,172,5378,助動詞,*,*,*,特殊・ダ,体言接続,NULL,なくらいです,NULL
についてです,397,172,2275,助詞,格助詞,連語,*,*,*,NULL,についてです,NULL
にはならない,372,204,5569,助詞,格助詞,一般,*,*,*,NULL,にはならない,NULL
ねばならない,215,204,2465,助動詞,*,*,*,特殊・ヌ,仮定形,NULL,ねばならない,NULL
はじめました,1219,142,954,動詞,非自立,*,*,一段,連用形,NULL,はじめました,NULL
はじめました,1227,142,1152,動詞,非自立,*,*,一段,連用形,NULL,始めました,NULL
ばいいじゃん,361,37,4412,助詞,接続助詞,*,*,*,*,NULL,ばいいじゃん,NULL
ばいいですか,361,325,4467,助詞,接続助詞,*,*,*,*,NULL,ばいいですか,NULL
ばいいですね,361,418,4159,助詞,接続助詞,*,*,*,*,NULL,ばいいですね,NULL
ばかりだった,310,142,2995,助詞,副助詞,*,*,*,*,NULL,ばかりだった,NULL
ばかりである,310,53,2021,助詞,副助詞,*,*,*,*,NULL,ばかりである,NULL
ばかりでした,310,142,2173,助詞,副助詞,*,*,*,*,NULL,ばかりでした,NULL
ばかりですが,310,332,3224,助詞,副助詞,*,*,*,*,NULL,ばかりですが,NULL
ばかりですね,310,418,2622,助詞,副助詞,*,*,*,*,NULL,ばかりですね,NULL
ばかりですよ,310,425,3146,助詞,副助詞,*,*,*,*,NULL,ばかりですよ,NULL
ばなりません,361,45,4381,助詞,接続助詞,*,*,*,*,NULL,ばなりません,NULL
ばよいですか,361,325,5494,助詞,接続助詞,*,*,*,*,NULL,ばよいですか,NULL
べきであろう,119,35,3947,助動詞,*,*,*,文語・ベシ,体言接続,NULL,べきであろう,NULL
べきでしょう,119,172,2506,助動詞,*,*,*,文語・ベシ,体言接続,NULL,べきでしょう,NULL
ませんからね,252,418,4293,助動詞,*,*,*,特殊・マス,未然形,NULL,ませんからね,NULL
ませんけどね,252,418,4316,助動詞,*,*,*,特殊・マス,未然形,NULL,ませんけどね,NULL
ませんでした,252,142,1733,助動詞,*,*,*,特殊・マス,未然形,NULL,ませんでした,NULL
もございます,284,240,3052,助詞,係助詞,*,*,*,*,NULL,もございます,NULL
らしいですが,82,332,2869,助動詞,*,*,*,形容詞・イ段,基本形,NULL,らしいですが,NULL
らしいですね,82,418,2553,助動詞,*,*,*,形容詞・イ段,基本形,NULL,らしいですね,NULL
らしいですよ,82,425,2878,助動詞,*,*,*,形容詞・イ段,基本形,NULL,らしいですよ,NULL
られています,481,240,1927,動詞,接尾,*,*,一段,連用形,NULL,られています,NULL
られないです,475,172,2262,動詞,接尾,*,*,一段,未然形,NULL,られないです,NULL
られないので,475,359,2852,動詞,接尾,*,*,一段,未然形,NULL,られないので,NULL
られなかった,475,142,1918,動詞,接尾,*,*,一段,未然形,NULL,られなかった,NULL
られませんか,481,325,3042,動詞,接尾,*,*,一段,連用形,NULL,られませんか,NULL
れたでしょう,482,172,3461,動詞,接尾,*,*,一段,連用形,NULL,れたでしょう,NULL
れていきます,482,240,3515,動詞,接尾,*,*,一段,連用形,NULL,れていきます,NULL
れていました,482,142,3192,動詞,接尾,*,*,一段,連用形,NULL,れていました,NULL
れております,482,240,3011,動詞,接尾,*,*,一段,連用形,NULL,れております,NULL
れてきました,482,142,3253,動詞,接尾,*,*,一段,連用形,NULL,れてきました,NULL
れてください,482,1712,2788,動詞,接尾,*,*,一段,連用形,NULL,れてください,NULL
れてください,482,1720,3627,動詞,接尾,*,*,一段,連用形,NULL,れて下さい,NULL
かかでしょうか,1540,325,1608,動詞,非自立,*,*,五段・ラ行,体言接続特殊２,NULL,かかでしょうか,NULL
からでしょうか,330,325,3649,助詞,接続助詞,*,*,*,*,NULL,からでしょうか,NULL
くらいでしょう,289,172,3504,助詞,副助詞,*,*,*,*,NULL,くらいでしょう,NULL
くらいですかね,289,418,3340,助詞,副助詞,*,*,*,*,NULL,くらいですかね,NULL
ございましたっ,68,418,3497,助動詞,*,*,*,五段・ラ行特殊,連用形,NULL,ございましたっ,NULL
ございましたら,68,140,3999,助動詞,*,*,*,五段・ラ行特殊,連用形,NULL,ございましたら,NULL
ございませんが,68,332,3814,助動詞,*,*,*,五段・ラ行特殊,連用形,NULL,ございませんが,NULL
させてください,478,1712,2037,動詞,接尾,*,*,一段,連用形,NULL,させてください,NULL
させてください,632,1712,2951,動詞,自立,*,*,サ変・スル,未然レル接続,NULL,させてください,NULL
されていました,632,142,3038,動詞,自立,*,*,サ変・スル,未然レル接続,NULL,されていました,NULL
されております,632,240,2791,動詞,自立,*,*,サ変・スル,未然レル接続,NULL,されております,NULL
されてください,632,1712,2498,動詞,自立,*,*,サ変・スル,未然レル接続,NULL,されてください,NULL
してしまいます,634,240,3217,動詞,自立,*,*,サ変・スル,連用形,NULL,してしまいます,NULL
しないでしょう,633,172,2149,動詞,自立,*,*,サ変・スル,未然形,NULL,しないでしょう,NULL
じゃいましょう,340,240,2048,助詞,接続助詞,*,*,*,*,NULL,じゃいましょう,NULL
じゃないですか,292,325,3220,助詞,副助詞,*,*,*,*,NULL,じゃないですか,NULL
じゃないですが,292,332,3287,助詞,副助詞,*,*,*,*,NULL,じゃないですが,NULL
すべきでしょう,574,172,2512,動詞,自立,*,*,*,文語基本形,NULL,すべきでしょう,NULL
すればよかった,623,142,3361,動詞,自立,*,*,サ変・スル,仮定形,NULL,すればよかった,NULL
せてくれました,480,142,3577,動詞,接尾,*,*,一段,連用形,NULL,せてくれました,NULL
せねばならない,631,204,4195,動詞,自立,*,*,サ変・スル,未然ヌ接続,NULL,せねばならない,NULL
だけでしょうか,296,325,3181,助詞,副助詞,*,*,*,*,NULL,だけでしょうか,NULL
ちゃいけません,344,45,3350,助詞,接続助詞,*,*,*,*,NULL,ちゃいけません,NULL
ちゃいましたが,344,332,3841,助詞,接続助詞,*,*,*,*,NULL,ちゃいましたが,NULL
ちゃいましょう,344,240,2219,助詞,接続助詞,*,*,*,*,NULL,ちゃいましょう,NULL
ちゃいますよね,344,418,3486,助詞,接続助詞,*,*,*,*,NULL,ちゃいますよね,NULL
てしまいました,348,142,3053,助詞,接続助詞,*,*,*,*,NULL,てしまいました,NULL
でいただきます,349,240,2926,助詞,接続助詞,*,*,*,*,NULL,でいただきます,NULL
できていました,700,142,3612,動詞,自立,*,*,一段,連用形,NULL,できていました,NULL
できております,700,240,3393,動詞,自立,*,*,一段,連用形,NULL,できております,NULL
できませんよね,700,418,3828,動詞,自立,*,*,一段,連用形,NULL,できませんよね,NULL
できるでしょう,679,172,2707,動詞,自立,*,*,一段,基本形,NULL,できるでしょう,NULL
でございました,168,142,3028,助動詞,*,*,*,特殊・ダ,連用形,NULL,でございました,NULL
でしまいました,349,142,2971,助詞,接続助詞,*,*,*,*,NULL,でしまいました,NULL
とはなりません,387,45,5790,助詞,格助詞,引用,*,*,*,NULL,とはなりません,NULL
とはなりません,371,45,5281,助詞,格助詞,一般,*,*,*,NULL,とはなりません,NULL
とよいでしょう,350,172,4435,助詞,接続助詞,*,*,*,*,NULL,とよいでしょう,NULL
ないでください,213,1712,1998,助動詞,*,*,*,特殊・ナイ,連用デ接続,NULL,ないでください,NULL
ないでください,213,1720,2656,助動詞,*,*,*,特殊・ナイ,連用デ接続,NULL,ないで下さい,NULL
なきゃいけない,200,204,2238,助動詞,*,*,*,特殊・ナイ,仮定縮約２,NULL,なきゃいけない,NULL
にはなりません,372,45,5374,助詞,格助詞,一般,*,*,*,NULL,にはなりません,NULL
ねばなりません,215,45,2650,助動詞,*,*,*,特殊・ヌ,仮定形,NULL,ねばなりません,NULL
はございません,283,45,4892,助詞,係助詞,*,*,*,*,NULL,はございません,NULL
はないでしょう,283,172,5350,助詞,係助詞,*,*,*,*,NULL,はないでしょう,NULL
ばいいじゃない,361,204,4824,助詞,接続助詞,*,*,*,*,NULL,ばいいじゃない,NULL
ばいいだけです,361,172,6023,助詞,接続助詞,*,*,*,*,NULL,ばいいだけです,NULL
ばいいでしょう,361,172,4179,助詞,接続助詞,*,*,*,*,NULL,ばいいでしょう,NULL
ばよいでしょう,361,172,4532,助詞,接続助詞,*,*,*,*,NULL,ばよいでしょう,NULL
べきでしょうか,119,325,2905,助動詞,*,*,*,文語・ベシ,体言接続,NULL,べきでしょうか,NULL
ませんでしたか,252,325,3673,助動詞,*,*,*,特殊・マス,未然形,NULL,ませんでしたか,NULL
ませんでしたが,252,332,4029,助動詞,*,*,*,特殊・マス,未然形,NULL,ませんでしたが,NULL
ませんでしたね,252,418,4114,助動詞,*,*,*,特殊・マス,未然形,NULL,ませんでしたね,NULL
ませんでしたよ,252,425,4076,助動詞,*,*,*,特殊・マス,未然形,NULL,ませんでしたよ,NULL
もございません,284,45,4053,助詞,係助詞,*,*,*,*,NULL,もございません,NULL
られていきます,481,240,3289,動詞,接尾,*,*,一段,連用形,NULL,られていきます,NULL
られていました,481,142,2927,動詞,接尾,*,*,一段,連用形,NULL,られていました,NULL
られております,481,240,2658,動詞,接尾,*,*,一段,連用形,NULL,られております,NULL
られてきました,481,142,3150,動詞,接尾,*,*,一段,連用形,NULL,られてきました,NULL
られるでしょう,463,172,2859,動詞,接尾,*,*,一段,基本形,NULL,られるでしょう,NULL
れておりません,482,45,3660,動詞,接尾,*,*,一段,連用形,NULL,れておりません,NULL
れてしまいます,482,240,3582,動詞,接尾,*,*,一段,連用形,NULL,れてしまいます,NULL
いただいています,1326,240,1925,動詞,非自立,*,*,五段・カ行イ音便,連用タ接続,NULL,いただいています,NULL
くらいでしょうか,289,325,3119,助詞,副助詞,*,*,*,*,NULL,くらいでしょうか,NULL
していただきます,634,240,3180,動詞,自立,*,*,サ変・スル,連用形,NULL,していただきます,NULL
してしまいました,634,142,3217,動詞,自立,*,*,サ変・スル,連用形,NULL,してしまいました,NULL
しないでください,633,1712,2896,動詞,自立,*,*,サ変・スル,未然形,NULL,しないでください,NULL
しないでください,633,1720,3603,動詞,自立,*,*,サ変・スル,未然形,NULL,しないで下さい,NULL
じゃないですかね,292,418,3275,助詞,副助詞,*,*,*,*,NULL,じゃないですかね,NULL
すべきでしょうか,574,325,2934,動詞,自立,*,*,*,文語基本形,NULL,すべきでしょうか,NULL
せてしまいました,480,142,3508,動詞,接尾,*,*,一段,連用形,NULL,せてしまいました,NULL
せねばなりません,631,45,4371,動詞,自立,*,*,サ変・スル,未然ヌ接続,NULL,せねばなりません,NULL
でいただきました,349,142,3299,助詞,接続助詞,*,*,*,*,NULL,でいただきました,NULL
できないでしょう,693,172,2337,動詞,自立,*,*,一段,未然形,NULL,できないでしょう,NULL
できませんでした,700,142,2452,動詞,自立,*,*,一段,連用形,NULL,できませんでした,NULL
でしたでしょうか,192,325,3618,助動詞,*,*,*,特殊・デス,連用形,NULL,でしたでしょうか,NULL
なければならない,198,204,2530,助動詞,*,*,*,特殊・ナイ,仮定形,NULL,なければならない,NULL
ばいいでしょうか,361,325,4934,助詞,接続助詞,*,*,*,*,NULL,ばいいでしょうか,NULL
ばよいでしょうか,361,325,5460,助詞,接続助詞,*,*,*,*,NULL,ばよいでしょうか,NULL
ましたでしょうか,260,325,3750,助動詞,*,*,*,特殊・マス,連用形,NULL,ましたでしょうか,NULL
ませんでしたので,252,359,4314,助動詞,*,*,*,特殊・マス,未然形,NULL,ませんでしたので,NULL
られないでしょう,475,172,2594,動詞,接尾,*,*,一段,未然形,NULL,られないでしょう,NULL
られませんでした,481,142,3124,動詞,接尾,*,*,一段,連用形,NULL,られませんでした,NULL
れてしまいました,482,142,3457,動詞,接尾,*,*,一段,連用形,NULL,れてしまいました,NULL
ございませんでした,68,142,2686,助動詞,*,*,*,五段・ラ行特殊,連用形,NULL,ございませんでした,NULL
しなければならない,633,204,3135,動詞,自立,*,*,サ変・スル,未然形,NULL,しなければならない,NULL
できないでしょうか,693,325,2938,動詞,自立,*,*,一段,未然形,NULL,できないでしょうか,NULL
なければなりません,198,45,2688,助動詞,*,*,*,特殊・ナイ,仮定形,NULL,なければなりません,NULL
しなければなりません,633,45,3387,動詞,自立,*,*,サ変・スル,未然形,NULL,しなければなりません,NULL
